2019-02-08 13:23:09.017516,502,157,67,131,5,142
2019-02-08 13:23:14.108793,501,157,68,131,4,141
2019-02-08 13:23:19.155772,501,157,68,130,5,141
2019-02-08 13:23:24.212914,502,157,68,132,4,141
2019-02-08 13:23:29.270250,499,157,68,131,4,139
2019-02-08 13:23:34.327559,500,157,68,131,4,140
2019-02-08 13:23:39.384983,501,157,68,131,5,140
2019-02-08 13:23:44.432009,505,157,68,131,5,144
2019-02-08 13:23:49.488279,500,156,68,130,5,141
2019-02-08 13:23:54.545086,503,156,68,132,5,142
2019-02-08 13:23:59.602198,503,156,68,130,5,144
2019-02-08 13:24:04.659574,501,156,68,131,5,141
2019-02-08 13:24:09.751697,505,157,68,131,5,144
2019-02-08 13:24:14.808635,503,157,68,132,5,141
2019-02-08 13:24:19.866859,501,157,68,131,5,140
2019-02-08 13:24:24.924202,504,156,68,134,4,142
2019-02-08 13:24:29.981369,501,157,68,132,4,140
2019-02-08 13:53:49.391015,523,157,85,137,4,140
2019-02-08 13:53:54.449238,506,157,68,137,4,140
2019-02-08 13:53:59.501876,508,157,71,137,4,139
2019-02-08 13:54:04.559376,507,157,68,137,4,141
2019-02-08 13:54:09.619118,505,157,68,137,4,139
2019-02-08 13:54:14.717882,514,157,69,137,4,147
2019-02-08 13:54:19.777416,508,157,68,137,4,142
2019-02-08 13:54:24.835023,519,156,68,140,4,151
2019-02-08 13:54:29.897859,507,157,68,137,4,141
2019-02-08 13:54:34.956352,507,157,68,137,4,141
2019-02-08 13:54:40.013777,507,157,68,137,4,141
2019-02-08 13:54:45.116965,506,157,68,137,4,140
2019-02-08 13:54:50.165950,490,157,52,137,4,140
2019-02-08 13:54:55.224789,495,157,52,140,4,142
2019-02-08 13:55:00.287103,489,157,51,137,4,140
2019-02-08 13:55:05.344890,489,156,51,137,4,141
2019-02-08 13:55:10.403908,488,156,51,137,4,140
2019-02-08 13:55:15.464009,490,156,51,137,4,142
2019-02-08 13:55:20.523822,490,157,52,137,4,140
2019-02-08 13:55:25.583021,494,157,51,140,4,142
2019-02-08 13:55:30.643566,492,156,52,138,4,142
2019-02-08 13:55:35.729214,492,157,51,137,4,143
2019-02-08 13:55:40.788353,496,157,51,142,4,142
2019-02-08 13:55:45.847292,495,157,51,137,4,146
2019-02-08 13:55:50.906307,490,157,51,137,4,141
2019-02-08 13:55:55.965514,491,157,52,137,4,141
2019-02-08 13:56:01.024456,492,157,51,137,4,143
2019-02-08 13:56:06.083649,490,157,51,137,4,141
2019-02-08 13:56:11.140818,490,156,51,137,4,142
2019-02-08 13:56:16.201073,489,157,51,138,4,139
2019-02-08 13:56:21.248386,333,0,51,137,4,141
2019-02-08 13:56:26.346401,341,0,51,137,4,149
2019-02-08 13:56:31.405603,334,0,51,137,4,142
2019-02-08 13:56:36.463822,336,0,52,137,4,143
2019-02-08 13:56:41.522406,337,0,51,142,4,140
2019-02-08 13:56:46.583662,333,0,51,137,4,141
2019-02-08 13:56:51.641883,300,0,51,137,4,108
2019-02-08 13:56:56.729691,303,0,51,138,4,110
2019-02-08 13:57:01.788891,301,0,51,137,4,109
2019-02-08 13:57:06.846855,303,0,51,137,4,111
2019-02-08 13:57:11.905873,329,0,51,141,4,133
2019-02-08 13:57:16.964265,345,0,51,137,4,153
2019-02-08 13:57:22.023655,302,0,51,137,4,110
2019-02-08 13:57:27.081437,329,0,51,139,4,135
2019-02-08 13:57:32.130684,328,0,51,137,4,136
2019-02-08 13:57:37.188287,283,0,51,134,4,94
2019-02-08 13:57:42.247843,276,0,57,137,4,78
2019-02-08 13:57:47.306862,302,0,51,135,4,112
2019-02-08 13:57:52.364649,294,0,51,132,4,107
2019-02-08 13:57:57.422816,295,0,51,133,4,107
2019-02-08 13:58:02.483047,292,0,51,131,4,106
2019-02-08 13:58:07.561179,291,0,51,131,4,105
2019-02-08 13:58:12.618981,297,0,51,136,4,106
2019-02-08 13:58:17.728734,295,0,51,133,4,107
2019-02-08 13:58:22.786681,291,0,51,132,4,104
2019-02-08 13:58:27.845268,292,0,51,132,4,105
2019-02-08 13:58:32.905797,262,0,51,132,4,75
2019-02-08 13:58:37.964198,259,0,51,132,4,72
2019-02-08 13:58:43.021446,260,0,51,132,4,73
2019-02-08 13:58:48.080643,261,0,51,132,4,74
2019-02-08 13:58:53.140200,260,0,51,132,4,73
2019-02-08 13:58:58.198424,258,0,51,133,4,70
2019-02-08 13:59:03.249053,258,0,52,132,4,70
2019-02-08 13:59:08.306608,256,0,51,131,4,70
2019-02-08 13:59:13.355162,259,0,51,133,4,71
2019-02-08 13:59:18.402882,256,0,51,132,4,69
2019-02-08 13:59:23.460845,255,0,51,132,4,68
2019-02-08 13:59:28.519912,257,0,51,133,4,69
2019-02-08 13:59:33.576671,257,0,52,132,4,69
2019-02-08 13:59:38.635691,254,0,51,132,4,67
2019-02-08 13:59:43.759514,256,0,51,132,4,69
2019-02-08 13:59:48.819767,256,0,51,134,4,67
2019-02-08 13:59:53.877374,258,0,51,133,4,70
2019-02-08 13:59:58.936245,254,0,51,132,4,67
2019-02-08 14:00:03.995797,256,0,51,133,4,68
2019-02-08 14:00:09.054966,255,0,51,132,4,68
2019-02-08 14:00:14.113338,255,0,51,132,4,68
2019-02-08 14:00:19.173730,256,0,51,132,4,69
2019-02-08 14:00:24.232307,256,0,51,133,4,68
2019-02-08 14:00:29.289115,255,0,51,133,4,67
2019-02-08 14:00:34.347158,256,0,51,133,4,68
2019-02-08 14:00:39.402986,253,0,51,132,4,66
2019-02-08 14:00:44.462002,256,0,51,132,4,69
2019-02-08 14:00:49.521203,256,0,51,133,4,68
2019-02-08 14:00:54.578628,256,0,51,132,4,69
2019-02-08 14:00:59.636336,255,0,51,132,4,68
2019-02-08 14:01:04.726912,300,0,51,132,4,113
2019-02-08 14:01:09.785116,292,0,51,132,4,105
2019-02-08 14:01:14.843078,292,0,51,132,4,105
2019-02-08 14:01:19.902097,288,0,51,132,4,101
2019-02-08 14:01:25.003154,291,0,51,135,4,101
2019-02-08 14:01:30.062354,288,0,51,133,4,100
2019-02-08 14:01:35.120137,287,0,51,132,4,100
2019-02-08 14:01:40.178536,289,0,51,132,4,102
2019-02-08 14:01:45.236580,290,0,51,133,4,102
2019-02-08 14:01:50.295442,287,0,51,132,4,100
2019-02-08 14:01:55.353384,291,0,51,135,4,101
2019-02-08 14:02:00.412683,289,0,51,132,4,102
2019-02-08 14:02:05.472139,288,0,51,132,4,101
2019-02-08 14:02:10.528948,290,0,51,132,4,103
2019-02-08 14:02:15.588175,301,0,51,132,4,114
2019-02-08 14:02:20.647348,287,0,51,132,4,100
2019-02-08 14:02:25.726098,287,0,51,132,4,100
2019-02-08 14:02:30.784061,287,0,51,132,4,100
2019-02-08 14:02:35.845035,288,0,51,132,4,101
2019-02-08 14:02:40.902459,292,0,51,137,4,100
2019-02-08 14:02:45.960681,287,0,51,132,4,100
2019-02-08 14:02:51.020061,287,0,51,132,4,100
2019-02-08 14:02:56.077484,288,0,51,132,4,101
2019-02-08 14:03:01.135905,287,0,51,132,4,100
2019-02-08 14:03:06.204003,289,0,53,132,4,100
2019-02-08 14:03:11.260676,287,0,51,132,4,100
2019-02-08 14:03:16.318489,288,0,51,131,4,102
2019-02-08 14:03:21.375688,287,0,51,132,4,100
2019-02-08 14:03:26.433980,288,0,51,132,4,101
2019-02-08 14:03:31.491368,287,0,51,132,4,100
2019-02-08 14:03:36.549013,285,0,51,132,4,98
2019-02-08 14:03:41.606976,291,0,51,136,4,100
2019-02-08 14:03:46.709135,284,0,51,132,4,97
2019-02-08 14:03:51.768671,254,0,51,132,4,67
2019-02-08 14:03:56.827039,255,0,51,132,4,68
2019-02-08 14:04:01.885260,253,0,51,131,4,67
2019-02-08 14:04:06.943488,253,0,51,131,4,67
2019-02-08 14:04:12.000211,255,0,51,132,4,68
2019-02-08 14:04:17.059307,253,0,51,132,4,66
2019-02-08 14:04:22.118068,254,0,52,132,4,66
2019-02-08 14:04:27.174515,255,0,51,134,4,66
2019-02-08 14:04:32.232737,252,0,51,131,4,66
2019-02-08 14:04:37.282937,253,0,51,131,4,67
2019-02-08 14:04:42.339867,256,0,51,133,4,68
2019-02-08 14:04:47.416307,252,0,51,131,4,66
2019-02-08 14:04:52.466708,288,0,51,132,4,101
2019-02-08 14:04:57.524926,290,0,51,133,4,102
2019-02-08 14:05:02.583507,288,0,51,132,4,101
2019-02-08 14:05:07.641549,284,0,51,132,4,97
2019-02-08 14:05:12.722361,257,0,51,135,4,67
2019-02-08 14:05:17.780850,253,0,51,132,4,66
2019-02-08 14:05:22.840036,255,0,51,132,4,68
2019-02-08 14:05:27.896845,254,0,51,132,4,67
2019-02-08 14:05:32.956043,253,0,51,131,4,67
2019-02-08 14:05:38.019332,253,0,51,132,4,66
2019-02-08 14:05:43.077553,270,0,56,142,4,68
2019-02-08 14:05:48.134358,255,0,52,132,4,67
2019-02-08 14:05:53.191603,253,0,51,131,4,67
2019-02-08 14:05:58.249928,255,0,51,133,4,67
2019-02-08 14:06:03.310185,252,0,51,132,4,65
2019-02-08 14:06:08.368589,254,0,51,132,4,67
2019-02-08 14:06:13.426285,265,0,51,143,4,67
2019-02-08 14:06:18.484003,253,0,51,132,4,66
2019-02-08 14:06:23.542373,253,0,51,131,4,67
2019-02-08 14:06:28.632596,254,0,51,132,4,67
2019-02-08 14:06:33.720224,253,0,51,132,4,66
2019-02-08 14:06:38.778805,253,0,51,132,4,66
2019-02-08 14:06:43.836666,253,0,51,132,4,66
2019-02-08 14:06:48.893473,252,0,51,132,4,65
2019-02-08 14:06:53.952671,254,0,51,131,4,68
2019-02-08 14:06:59.010896,260,0,51,139,4,66
2019-02-08 14:07:04.069036,264,0,51,142,4,67
2019-02-08 14:07:09.126823,263,0,51,141,4,67
2019-02-08 14:07:14.185121,255,0,51,133,4,67
2019-02-08 14:07:19.242545,254,0,51,132,4,67
2019-02-08 14:07:24.300952,253,0,51,131,4,67
2019-02-08 14:07:29.359089,254,0,51,132,4,67
2019-02-08 14:07:34.414930,265,0,51,141,4,69
2019-02-08 14:07:39.473940,263,0,51,140,4,68
2019-02-08 14:07:44.532778,262,0,51,140,4,67
2019-02-08 14:07:49.590302,253,0,51,130,4,68
2019-02-08 14:07:54.648603,253,0,51,130,4,68
2019-02-08 14:07:59.720512,253,0,51,131,4,67
2019-02-08 14:08:04.778923,255,0,53,132,4,66
2019-02-08 14:08:09.847449,253,0,51,131,4,67
2019-02-08 14:08:14.905053,253,0,51,130,4,68
2019-02-08 14:08:19.964072,253,0,51,131,4,67
2019-02-08 14:08:25.023272,256,0,51,134,4,67
2019-02-08 14:08:30.070845,418,164,51,131,4,68
2019-02-08 14:08:35.128648,418,164,51,131,4,68
2019-02-08 14:08:40.175393,418,164,51,131,4,68
2019-02-08 14:08:45.232542,417,163,51,130,4,69
2019-02-08 14:08:50.291199,417,163,51,132,4,67
2019-02-08 14:08:55.349784,418,163,51,133,4,67
2019-02-08 14:09:00.407205,416,162,51,132,4,67
2019-02-08 14:09:05.465968,416,163,51,130,4,68
2019-02-08 14:09:10.523651,415,162,51,130,4,68
2019-02-08 14:09:15.580457,416,162,51,131,4,68
2019-02-08 14:09:20.639398,415,162,51,130,4,68
2019-02-08 14:09:25.719487,415,162,51,132,4,66
2019-02-08 14:09:30.777787,415,162,51,130,4,68
2019-02-08 14:09:35.834416,415,161,51,131,4,68
2019-02-08 14:09:40.892994,418,162,51,135,4,66
2019-02-08 14:09:45.950237,415,162,51,131,4,67
2019-02-08 14:09:51.008459,414,162,51,130,4,67
2019-02-08 14:09:56.074683,414,161,51,130,4,68
2019-02-08 14:10:01.132467,415,161,51,131,4,68
2019-02-08 14:10:06.190688,415,161,51,131,4,68
2019-02-08 14:10:11.249193,414,161,51,130,4,68
2019-02-08 14:10:16.308648,414,161,51,131,4,67
2019-02-08 14:10:21.366689,254,0,51,132,4,67
2019-02-08 14:10:26.424473,253,0,51,131,4,67
2019-02-08 14:10:31.482438,253,0,51,131,4,67
2019-02-08 14:10:36.540300,254,0,51,132,4,67
2019-02-08 14:10:41.599318,258,0,51,135,4,68
2019-02-08 14:10:46.707576,253,0,51,130,4,68
2019-02-08 14:10:51.765618,253,0,51,132,4,66
2019-02-08 14:10:56.812650,255,0,51,132,4,68
2019-02-08 14:11:01.870254,253,0,51,130,4,68
2019-02-08 14:11:06.929991,253,0,51,132,4,66
2019-02-08 14:11:11.988651,253,0,51,132,4,66
2019-02-08 14:11:17.046313,253,0,51,130,4,68
2019-02-08 14:11:22.103680,253,0,51,132,4,66
2019-02-08 14:11:27.162880,253,0,52,130,4,67
2019-02-08 14:11:32.220307,251,0,51,130,4,66
2019-02-08 14:11:37.296129,253,0,51,130,4,68
2019-02-08 14:11:42.354522,253,0,51,131,4,67
2019-02-08 14:11:47.412129,251,0,51,130,4,66
2019-02-08 14:11:52.469294,252,0,51,130,4,67
2019-02-08 14:11:57.528670,253,0,51,131,4,67
2019-02-08 14:12:02.585919,253,0,51,130,4,68
2019-02-08 14:12:07.633399,252,0,51,130,4,67
2019-02-08 14:12:12.718976,253,0,51,130,4,68
2019-02-08 14:12:17.776226,252,0,51,130,4,67
2019-02-08 14:12:22.834002,251,0,51,128,4,68
2019-02-08 14:12:27.892947,252,0,51,130,4,67
2019-02-08 14:12:32.950273,252,0,51,130,4,67
2019-02-08 14:12:38.007874,251,0,51,129,4,67
2019-02-08 14:12:43.066455,251,0,51,130,4,66
2019-02-08 14:12:48.124679,253,0,51,130,4,68
2019-02-08 14:12:53.182899,251,0,51,130,4,66
2019-02-08 14:12:58.241296,252,0,51,129,4,68
2019-02-08 14:13:03.298108,251,0,51,130,4,66
2019-02-08 14:13:08.356914,253,0,53,130,4,66
2019-02-08 14:13:13.416068,252,0,51,130,4,67
2019-02-08 14:13:18.504592,251,0,51,130,4,66
2019-02-08 14:13:23.563791,250,0,51,130,4,65
2019-02-08 14:13:28.622515,253,0,51,130,4,68
2019-02-08 14:13:33.717203,251,0,51,130,4,66
2019-02-08 14:13:38.775166,252,0,51,130,4,67
2019-02-08 14:13:43.834008,252,0,51,130,4,67
2019-02-08 14:13:48.891616,252,0,51,130,4,67
2019-02-08 14:13:53.949039,252,0,51,129,4,68
2019-02-08 14:13:59.008596,251,0,51,130,4,66
2019-02-08 14:14:04.065040,252,0,51,130,4,67
2019-02-08 14:14:09.122644,253,0,51,130,4,68
2019-02-08 14:14:14.171452,255,0,51,133,4,67
2019-02-08 14:14:19.228261,253,0,51,130,4,68
2019-02-08 14:14:24.285758,252,0,52,130,4,66
2019-02-08 14:14:29.344161,251,0,51,130,4,66
2019-02-08 14:14:34.401587,251,0,51,130,4,66
2019-02-08 14:14:39.459006,250,0,51,129,4,66
2019-02-08 14:14:44.517411,251,0,51,130,4,66
2019-02-08 14:14:49.574220,252,0,51,130,5,66
2019-02-08 14:14:54.631989,252,0,51,130,4,67
2019-02-08 14:14:59.748956,251,0,51,130,4,66
2019-02-08 14:15:04.806380,254,0,51,132,4,67
2019-02-08 14:15:09.863797,253,0,51,130,4,68
2019-02-08 14:15:14.921952,253,0,51,131,4,67
2019-02-08 14:15:19.979449,251,0,51,130,4,66
2019-02-08 14:15:25.035816,256,0,51,133,4,68
2019-02-08 14:15:30.094837,253,0,51,132,4,66
2019-02-08 14:15:35.153058,253,0,51,130,4,68
2019-02-08 14:15:40.209862,253,0,51,131,4,67
2019-02-08 14:15:45.266675,252,0,51,130,4,67
2019-02-08 14:15:50.323735,252,0,51,130,4,67
2019-02-08 14:15:55.371203,256,0,51,134,4,67
2019-02-08 14:16:00.429605,253,0,51,131,4,67
2019-02-08 14:16:05.487029,253,0,51,130,4,68
2019-02-08 14:16:10.533698,253,0,51,130,4,68
2019-02-08 14:16:15.592281,256,0,51,134,4,67
2019-02-08 14:16:20.650064,253,0,51,130,4,68
2019-02-08 14:16:25.716909,253,0,51,132,4,66
2019-02-08 14:16:30.775665,253,0,51,131,4,67
2019-02-08 14:16:35.822337,253,0,51,131,4,67
2019-02-08 14:16:40.879761,259,0,51,137,4,67
2019-02-08 14:16:45.964017,253,0,51,130,4,68
2019-02-08 14:16:51.022161,253,0,51,132,4,66
2019-02-08 14:16:56.078885,251,0,51,130,4,66
2019-02-08 14:17:01.137268,253,0,51,130,4,68
2019-02-08 14:17:06.194091,253,0,51,131,4,67
2019-02-08 14:17:11.253632,258,0,56,130,4,68
2019-02-08 14:17:16.310700,273,0,51,130,4,88
2019-02-08 14:17:21.358166,253,0,51,131,4,67
2019-02-08 14:17:26.415152,254,0,51,131,4,68
2019-02-08 14:17:31.473376,253,0,51,130,4,68
2019-02-08 14:17:36.531954,253,0,51,131,4,67
2019-02-08 14:17:41.590539,259,0,54,135,4,66
2019-02-08 14:17:46.639599,254,0,51,130,4,69
2019-02-08 14:17:51.717373,253,0,51,130,4,68
2019-02-08 14:17:56.775337,254,0,51,132,4,67
2019-02-08 14:18:01.833202,253,0,51,131,4,67
2019-02-08 14:18:06.890623,253,0,51,131,4,67
2019-02-08 14:18:11.947435,255,0,51,132,4,68
2019-02-08 14:18:17.006328,257,0,51,131,4,71
2019-02-08 14:18:22.064052,253,0,51,132,4,66
2019-02-08 14:18:27.120680,255,0,51,132,4,68
2019-02-08 14:18:32.194363,253,0,51,131,4,67
2019-02-08 14:18:37.252685,253,0,51,131,4,67
2019-02-08 14:18:42.309212,255,0,51,132,4,68
2019-02-08 14:18:47.367612,253,0,51,131,4,67
2019-02-08 14:18:52.425040,254,0,51,132,4,67
2019-02-08 14:18:57.472069,255,0,51,132,4,68
2019-02-08 14:19:02.531269,253,0,51,132,4,66
2019-02-08 14:19:07.588250,253,0,51,131,4,67
2019-02-08 14:19:12.647465,255,0,51,133,4,67
2019-02-08 14:19:17.716428,252,0,51,131,4,66
2019-02-08 14:19:22.773053,253,0,51,131,4,67
2019-02-08 14:19:27.830477,253,0,51,132,4,66
2019-02-08 14:19:32.888884,253,0,51,131,4,67
2019-02-08 14:19:37.946129,254,0,51,132,4,67
2019-02-08 14:19:43.003551,253,0,51,131,4,67
2019-02-08 14:19:48.060792,253,0,51,131,4,67
2019-02-08 14:19:53.118234,253,0,51,130,4,68
2019-02-08 14:19:58.175640,262,0,58,132,4,68
2019-02-08 14:20:03.232368,253,0,51,131,4,67
2019-02-08 14:20:08.289871,253,0,51,131,4,67
2019-02-08 14:20:13.346857,253,0,51,130,4,68
2019-02-08 14:20:18.421310,253,0,51,131,4,67
2019-02-08 14:20:23.476718,253,0,51,130,4,68
2019-02-08 14:20:28.533834,253,0,51,131,4,67
2019-02-08 14:20:33.592491,252,0,51,130,4,67
2019-02-08 14:20:38.699621,252,0,51,130,4,67
2019-02-08 14:20:43.757753,251,0,51,130,4,66
2019-02-08 14:20:48.815106,252,0,51,130,4,67
2019-02-08 14:20:53.872319,253,0,51,132,4,66
2019-02-08 14:20:58.929901,253,0,51,130,4,68
2019-02-08 14:21:03.988295,253,0,51,131,4,67
2019-02-08 14:21:09.044744,253,0,51,130,4,68
2019-02-08 14:21:14.102707,253,0,51,131,4,67
2019-02-08 14:21:19.160928,253,0,51,130,4,68
2019-02-08 14:21:24.219148,253,0,51,131,4,67
2019-02-08 14:21:29.277370,252,0,51,130,4,67
2019-02-08 14:21:34.334177,253,0,51,131,4,67
2019-02-08 14:21:39.392220,252,0,51,131,4,66
2019-02-08 14:21:44.449994,253,0,51,131,4,67
2019-02-08 14:21:49.507068,252,0,51,130,4,67
2019-02-08 14:21:54.565650,253,0,51,131,4,67
2019-02-08 14:21:59.638893,253,0,51,131,4,67
2019-02-08 14:22:04.711701,253,0,51,130,4,68
2019-02-08 14:22:09.768228,253,0,51,130,4,68
2019-02-08 14:22:14.825651,255,0,51,134,4,66
2019-02-08 14:22:19.885207,252,0,51,129,4,68
2019-02-08 14:22:24.941758,254,0,51,133,4,66
2019-02-08 14:22:30.000161,252,0,51,131,4,66
2019-02-08 14:22:35.057129,253,0,51,130,4,68
2019-02-08 14:22:40.114546,252,0,51,131,4,66
2019-02-08 14:22:45.171171,253,0,51,131,4,67
2019-02-08 14:22:50.229753,252,0,51,130,4,67
2019-02-08 14:22:55.286997,257,0,51,133,4,69
2019-02-08 14:23:00.334032,253,0,51,131,4,67
2019-02-08 14:23:05.391016,253,0,51,130,4,68
2019-02-08 14:23:10.448333,254,0,53,130,4,67
2019-02-08 14:23:15.506373,254,0,51,132,4,67
2019-02-08 14:23:20.564343,253,0,51,130,4,68
2019-02-08 14:23:25.621944,255,0,51,133,4,67
2019-02-08 14:23:30.709314,253,0,51,131,4,67
2019-02-08 14:23:35.767104,252,0,51,130,4,67
2019-02-08 14:23:40.855624,258,0,51,135,4,68
2019-02-08 14:23:45.912691,254,0,50,132,4,68
2019-02-08 14:23:50.969060,253,0,51,131,4,67
2019-02-08 14:23:56.025944,253,0,51,130,4,68
2019-02-08 14:24:01.083186,253,0,51,130,4,68
2019-02-08 14:24:06.142578,252,0,51,131,4,66
2019-02-08 14:24:11.190214,253,0,51,131,4,67
2019-02-08 14:24:16.247458,256,0,51,133,4,68
2019-02-08 14:24:21.305857,253,0,51,130,4,68
2019-02-08 14:24:26.363590,253,0,51,130,4,68
2019-02-08 14:24:31.421086,253,0,51,131,4,67
2019-02-08 14:24:36.479293,254,0,51,131,4,68
2019-02-08 14:24:41.537692,258,0,51,136,4,67
2019-02-08 14:24:46.594316,252,0,51,131,4,66
2019-02-08 14:24:51.641967,253,0,51,132,4,66
2019-02-08 14:24:56.708553,254,0,51,132,4,67
2019-02-08 14:25:01.766407,252,0,51,130,4,67
2019-02-08 14:25:06.824014,253,0,51,132,4,66
2019-02-08 14:25:11.881254,254,0,51,132,4,67
2019-02-08 14:25:16.938862,254,0,52,130,4,68
2019-02-08 14:25:21.996107,253,0,51,131,4,67
2019-02-08 14:25:27.084992,254,0,51,132,4,67
2019-02-08 14:25:32.143284,253,0,51,130,4,68
2019-02-08 14:25:37.201618,253,0,51,131,4,67
2019-02-08 14:25:42.258429,254,0,51,132,4,67
2019-02-08 14:25:47.315302,252,0,51,130,4,67
2019-02-08 14:25:52.363494,254,0,51,132,4,67
2019-02-08 14:25:57.421099,254,0,51,132,4,67
2019-02-08 14:26:02.478347,252,0,51,130,4,67
2019-02-08 14:26:07.537107,253,0,51,131,4,67
2019-02-08 14:26:12.593293,253,0,51,132,4,66
2019-02-08 14:26:17.697978,253,0,51,132,4,66
2019-02-08 14:26:22.757352,253,0,51,130,4,68
2019-02-08 14:26:27.813800,254,0,51,131,4,68
2019-02-08 14:26:32.871225,253,0,51,131,4,67
2019-02-08 14:26:37.928830,253,0,51,132,4,66
2019-02-08 14:26:42.987051,253,0,51,131,4,67
2019-02-08 14:26:48.043497,253,0,51,132,4,66
2019-02-08 14:26:53.101282,254,0,51,132,4,67
2019-02-08 14:26:58.158885,254,0,51,131,4,68
2019-02-08 14:27:03.216749,253,0,51,131,4,67
2019-02-08 14:27:08.303318,253,0,51,132,4,66
2019-02-08 14:27:13.360665,252,0,51,130,4,67
2019-02-08 14:27:18.407773,253,0,51,131,4,67
2019-02-08 14:27:23.465001,253,0,51,131,4,67
2019-02-08 14:27:28.522439,254,0,51,132,4,67
2019-02-08 14:27:33.578990,253,0,51,131,4,67
2019-02-08 14:27:38.637675,253,0,51,131,4,67
2019-02-08 14:27:43.707961,253,0,51,131,4,67
2019-02-08 14:27:48.766617,252,0,51,130,4,67
2019-02-08 14:27:53.824425,256,0,51,132,4,69
2019-02-08 14:27:58.880235,253,0,51,131,4,67
2019-02-08 14:28:03.937298,253,0,51,131,4,67
2019-02-08 14:28:08.997655,253,0,51,131,4,67
2019-02-08 14:28:14.055876,254,0,51,131,4,68
2019-02-08 14:28:19.114021,253,0,51,131,4,67
2019-02-08 14:28:24.171084,253,0,51,131,4,67
2019-02-08 14:28:29.229311,254,0,51,132,4,67
2019-02-08 14:28:34.285933,255,0,51,132,4,68
2019-02-08 14:28:39.345193,253,0,51,131,4,67
2019-02-08 14:28:44.402554,253,0,51,131,4,67
2019-02-08 14:28:49.459000,252,0,51,131,4,66
2019-02-08 14:28:54.530910,253,0,51,131,4,67
2019-02-08 14:28:59.588260,254,0,51,132,4,67
2019-02-08 14:29:04.696337,253,0,51,131,4,67
2019-02-08 14:29:09.754557,253,0,51,130,4,68
2019-02-08 14:29:14.812251,253,0,51,130,4,68
2019-02-08 14:29:19.869147,253,0,51,130,4,68
2019-02-08 14:29:24.927884,256,0,51,133,4,68
2019-02-08 14:29:29.984511,254,0,51,132,4,67
2019-02-08 14:29:35.041754,252,0,51,130,4,67
2019-02-08 14:29:40.100335,253,0,51,130,4,68
2019-02-08 14:29:45.157058,253,0,51,131,4,67
2019-02-08 14:29:50.213407,253,0,51,130,4,68
2019-02-08 14:29:55.271630,257,0,51,134,4,68
2019-02-08 14:30:00.318301,254,0,51,131,4,68
2019-02-08 14:30:05.376090,252,0,51,130,4,67
2019-02-08 14:30:10.434126,252,0,51,130,4,67
2019-02-08 14:30:15.491114,254,0,51,130,4,69
2019-02-08 14:30:20.548177,252,0,51,130,4,67
2019-02-08 14:30:25.608535,256,0,51,133,4,68
2019-02-08 14:30:30.739712,253,0,51,131,4,67
2019-02-08 14:30:35.795363,253,0,51,130,4,68
2019-02-08 14:30:40.853941,258,0,51,135,4,68
2019-02-08 14:30:45.911008,253,0,51,131,4,67
2019-02-08 14:30:50.967646,253,0,51,131,4,67
2019-02-08 14:30:56.024821,252,0,51,130,4,67
2019-02-08 14:31:01.082406,253,0,51,130,4,68
2019-02-08 14:31:06.129154,254,0,51,131,4,68
2019-02-08 14:31:11.187560,253,0,51,130,4,68
2019-02-08 14:31:16.243565,252,0,51,131,4,66
2019-02-08 14:31:21.301965,253,0,51,130,4,68
2019-02-08 14:31:26.358850,253,0,51,131,4,67
2019-02-08 14:31:31.416016,253,0,51,130,4,68
2019-02-08 14:31:36.474062,253,0,51,130,4,68
2019-02-08 14:31:41.530695,258,0,51,135,4,68
2019-02-08 14:31:46.588111,253,0,51,131,4,67
2019-02-08 14:31:51.635395,254,0,51,131,4,68
2019-02-08 14:31:56.707305,254,0,51,132,4,67
2019-02-08 14:32:01.764905,253,0,51,130,4,68
2019-02-08 14:32:06.810961,253,0,51,130,4,68
2019-02-08 14:32:11.869360,255,0,51,132,4,68
2019-02-08 14:32:16.958688,255,0,51,133,4,67
2019-02-08 14:32:22.016392,253,0,51,130,4,68
2019-02-08 14:32:27.072721,253,0,51,131,4,67
2019-02-08 14:32:32.130961,253,0,51,130,4,68
2019-02-08 14:32:37.187148,252,0,51,130,4,67
2019-02-08 14:32:42.245654,253,0,51,131,4,67
2019-02-08 14:32:47.303410,252,0,51,130,4,67
2019-02-08 14:32:52.360662,253,0,51,130,4,68
2019-02-08 14:32:57.417901,254,0,51,132,4,67
2019-02-08 14:33:02.475328,253,0,51,130,4,68
2019-02-08 14:33:07.533903,253,0,51,130,4,68
2019-02-08 14:33:12.590548,255,0,53,131,4,67
2019-02-08 14:33:17.694340,252,0,51,130,4,67
2019-02-08 14:33:22.751764,254,0,51,130,4,69
2019-02-08 14:33:27.809188,254,0,51,131,4,68
2019-02-08 14:33:32.866614,253,0,51,130,4,68
2019-02-08 14:33:37.922440,252,0,51,131,4,66
2019-02-08 14:33:42.980483,252,0,51,130,4,67
2019-02-08 14:33:48.037913,252,0,51,130,4,67
2019-02-08 14:33:53.085122,254,0,51,132,4,67
2019-02-08 14:33:58.178057,253,0,51,131,4,67
2019-02-08 14:34:03.225817,281,0,51,131,4,95
2019-02-08 14:34:08.282265,253,0,51,131,4,67
2019-02-08 14:34:13.339939,254,0,51,131,4,68
2019-02-08 14:34:18.396496,252,0,51,130,4,67
2019-02-08 14:34:23.444520,254,0,51,131,4,68
2019-02-08 14:34:28.502365,253,0,51,130,4,68
2019-02-08 14:34:33.559713,253,0,51,130,4,68
2019-02-08 14:34:38.617395,252,0,51,130,4,67
2019-02-08 14:34:43.696143,253,0,51,131,4,67
2019-02-08 14:34:48.754725,252,0,51,131,4,66
2019-02-08 14:34:53.811969,254,0,51,132,4,67
2019-02-08 14:34:58.868776,253,0,51,130,4,68
2019-02-08 14:35:03.926017,253,0,51,131,4,67
2019-02-08 14:35:08.983805,254,0,53,131,4,66
2019-02-08 14:35:14.040870,254,0,51,131,4,68
2019-02-08 14:35:19.098474,253,0,51,130,4,68
2019-02-08 14:35:24.155537,254,0,51,132,4,67
2019-02-08 14:35:29.212352,253,0,51,131,4,67
2019-02-08 14:35:34.271104,253,0,51,131,4,67
2019-02-08 14:35:39.327198,254,0,51,131,4,68
2019-02-08 14:35:44.413326,254,0,51,132,4,67
2019-02-08 14:35:49.472166,254,0,51,132,4,67
2019-02-08 14:35:54.528614,254,0,51,132,4,67
2019-02-08 14:35:59.586833,254,0,52,131,4,67
2019-02-08 14:36:04.693574,253,0,51,131,4,67
2019-02-08 14:36:09.750998,252,0,51,130,4,67
2019-02-08 14:36:14.808517,254,0,51,131,4,68
2019-02-08 14:36:19.867001,254,0,51,130,4,69
2019-02-08 14:36:24.923193,256,0,51,133,4,68
2019-02-08 14:36:29.980256,253,0,51,132,4,66
2019-02-08 14:36:35.038658,254,0,51,131,4,68
2019-02-08 14:36:40.096699,252,0,51,130,4,67
2019-02-08 14:36:45.154305,257,0,52,132,4,69
2019-02-08 14:36:50.211290,253,0,51,130,4,68
2019-02-08 14:36:55.258865,258,0,51,134,4,69
2019-02-08 14:37:00.317593,254,0,51,132,4,67
2019-02-08 14:37:05.376360,253,0,51,131,4,67
2019-02-08 14:37:10.432623,253,0,51,130,4,68
2019-02-08 14:37:15.489675,253,0,51,132,4,66
2019-02-08 14:37:20.536098,253,0,51,131,4,67
2019-02-08 14:37:25.628274,256,0,51,134,4,67
2019-02-08 14:37:30.699024,253,0,51,131,4,67
2019-02-08 14:37:35.757544,253,0,51,131,4,67
2019-02-08 14:37:40.814147,258,0,51,136,4,67
2019-02-08 14:37:45.871450,252,0,51,131,4,66
2019-02-08 14:37:50.929776,256,0,51,135,4,66
2019-02-08 14:37:55.989946,257,0,51,135,4,67
2019-02-08 14:38:01.047300,258,0,51,135,4,68
2019-02-08 14:38:06.104808,255,0,51,131,4,69
2019-02-08 14:38:11.162130,255,0,51,132,4,68
2019-02-08 14:38:16.219569,255,0,51,132,4,68
2019-02-08 14:38:21.267508,255,0,51,132,4,68
2019-02-08 14:38:26.324985,258,0,51,135,4,68
2019-02-08 14:38:31.383209,258,0,51,135,4,68
2019-02-08 14:38:36.440508,253,0,51,130,4,68
2019-02-08 14:38:41.498059,262,0,51,139,4,68
2019-02-08 14:38:46.545698,258,0,51,137,4,66
2019-02-08 14:38:51.604307,258,0,51,135,4,68
2019-02-08 14:38:56.700015,258,0,51,135,4,68
2019-02-08 14:39:01.756468,256,0,51,134,4,67
2019-02-08 14:39:06.842492,258,0,51,134,4,69
2019-02-08 14:39:11.899300,253,0,51,130,4,68
2019-02-08 14:39:16.957879,258,0,51,134,4,69
2019-02-08 14:39:22.015741,257,0,51,135,4,67
2019-02-08 14:39:27.073348,256,0,51,132,4,69
2019-02-08 14:39:32.129792,255,0,51,134,4,66
2019-02-08 14:39:37.187757,257,0,51,134,4,68
2019-02-08 14:39:42.245796,257,0,51,135,4,67
2019-02-08 14:39:47.303225,251,0,51,129,4,67
2019-02-08 14:39:52.360209,253,0,51,131,4,67
2019-02-08 14:39:57.417708,256,0,51,133,4,68
2019-02-08 14:40:02.476215,251,0,51,129,4,67
2019-02-08 14:40:07.535052,257,0,51,134,4,68
2019-02-08 14:40:12.591909,258,0,51,136,4,67
2019-02-08 14:40:17.699218,254,0,51,132,4,67
2019-02-08 14:40:22.758414,257,0,51,133,4,69
2019-02-08 14:40:27.815326,257,0,51,135,4,67
2019-02-08 14:40:32.873445,257,0,51,134,4,68
2019-02-08 14:40:37.931664,251,0,51,129,4,67
2019-02-08 14:40:42.989092,261,0,51,137,4,69
2019-02-08 14:40:48.059260,260,0,51,137,4,68
2019-02-08 14:40:53.117188,261,0,51,138,4,68
2019-02-08 14:40:58.175408,252,0,51,130,4,67
2019-02-08 14:41:03.231496,256,0,51,135,4,66
2019-02-08 14:41:08.289897,257,0,51,134,4,68
2019-02-08 14:41:13.346707,263,0,51,140,4,68
2019-02-08 14:41:18.404745,259,0,51,137,4,67
2019-02-08 14:41:23.462173,256,0,51,134,4,67
2019-02-08 14:41:28.520313,258,0,51,135,4,68
2019-02-08 14:41:33.577118,251,0,51,130,4,66
2019-02-08 14:41:38.634622,256,0,51,134,4,67
2019-02-08 14:41:43.700047,257,0,51,135,4,67
2019-02-08 14:41:48.746715,253,0,51,130,4,68
2019-02-08 14:41:53.803703,258,0,51,135,4,68
2019-02-08 14:41:58.861385,255,0,51,135,4,65
2019-02-08 14:42:03.919167,257,0,51,135,4,67
2019-02-08 14:42:08.976237,252,0,51,130,4,67
2019-02-08 14:42:14.033660,257,0,50,135,4,68
2019-02-08 14:42:19.091084,257,0,51,134,4,68
2019-02-08 14:42:24.150457,251,0,51,130,4,66
2019-02-08 14:42:29.207627,257,0,51,135,4,67
2019-02-08 14:42:34.276605,256,0,52,134,4,66
2019-02-08 14:42:39.332868,256,0,51,135,4,66
2019-02-08 14:42:44.391093,253,0,51,131,4,67
2019-02-08 14:42:49.447537,256,0,51,134,4,67
2019-02-08 14:42:54.505759,258,0,51,134,4,69
2019-02-08 14:42:59.562307,253,0,51,130,4,68
2019-02-08 14:43:04.609236,257,0,51,134,4,68
2019-02-08 14:43:09.698564,258,0,51,135,4,68
2019-02-08 14:43:14.755546,259,0,53,135,4,67
2019-02-08 14:43:19.813456,257,0,51,134,4,68
2019-02-08 14:43:24.870829,259,0,51,137,4,67
2019-02-08 14:43:29.929334,256,0,51,135,4,66
2019-02-08 14:43:34.987198,252,0,51,129,4,68
2019-02-08 14:43:40.045418,262,0,52,139,4,67
2019-02-08 14:43:45.103998,261,0,51,139,4,67
2019-02-08 14:43:50.161064,260,0,51,138,4,67
2019-02-08 14:43:55.218309,258,0,51,136,4,67
2019-02-08 14:44:00.276091,255,0,51,132,4,68
2019-02-08 14:44:05.332719,254,0,51,132,4,67
2019-02-08 14:44:10.391123,253,0,51,131,4,67
2019-02-08 14:44:15.489422,257,0,51,133,4,69
2019-02-08 14:44:20.547822,255,0,51,132,4,68
2019-02-08 14:44:25.594932,258,0,51,135,4,68
2019-02-08 14:44:30.698300,255,0,51,132,4,68
2019-02-08 14:44:35.754749,254,0,51,132,4,67
2019-02-08 14:44:40.812893,259,0,51,137,4,67
2019-02-08 14:44:45.870500,258,0,51,134,4,69
2019-02-08 14:44:50.928002,257,0,51,135,4,67
2019-02-08 14:44:55.987131,256,0,51,135,4,66
2019-02-08 14:45:01.044620,252,0,51,130,4,67
2019-02-08 14:45:06.101999,256,0,51,133,4,68
2019-02-08 14:45:11.159705,254,0,51,132,4,67
2019-02-08 14:45:16.216913,253,0,51,130,4,68
2019-02-08 14:45:21.272727,253,0,51,131,4,67
2019-02-08 14:45:26.332100,254,0,51,132,4,67
2019-02-08 14:45:31.388574,253,0,51,130,4,68
2019-02-08 14:45:36.445647,256,0,51,135,4,66
2019-02-08 14:45:41.502525,263,0,51,138,4,70
2019-02-08 14:45:46.560999,257,0,51,135,4,67
2019-02-08 14:45:51.618245,254,0,51,132,4,67
2019-02-08 14:45:56.730848,262,0,51,139,4,68
2019-02-08 14:46:01.787039,256,0,51,135,4,66
2019-02-08 14:46:06.844224,252,0,51,130,4,67
2019-02-08 14:46:11.902504,257,0,51,135,4,67
2019-02-08 14:46:16.959749,257,0,51,135,4,67
2019-02-08 14:46:22.016555,256,0,51,133,4,68
2019-02-08 14:46:27.075396,258,0,51,136,4,67
2019-02-08 14:46:32.132821,256,0,51,135,4,66
2019-02-08 14:46:37.190423,257,0,51,135,4,67
2019-02-08 14:46:42.248824,256,0,51,131,4,70
2019-02-08 14:46:47.305285,253,0,51,132,4,66
2019-02-08 14:46:52.361463,254,0,51,132,4,67
2019-02-08 14:46:57.419341,253,0,51,132,4,66
2019-02-08 14:47:02.476313,256,0,51,134,4,67
2019-02-08 14:47:07.533992,256,0,51,134,4,67
2019-02-08 14:47:12.591415,257,0,51,135,4,67
2019-02-08 14:47:17.696919,253,0,51,130,4,68
2019-02-08 14:47:22.753546,253,0,51,130,4,68
2019-02-08 14:47:27.812206,252,0,51,130,4,67
2019-02-08 14:47:32.869627,257,0,51,134,4,68
2019-02-08 14:47:37.937016,255,0,51,134,4,66
2019-02-08 14:47:42.995231,258,0,51,135,4,68
2019-02-08 14:47:48.052834,253,0,51,130,4,68
2019-02-08 14:47:53.109100,252,0,51,131,4,66
2019-02-08 14:47:58.167860,254,0,51,131,4,68
2019-02-08 14:48:03.224932,252,0,51,131,4,66
2019-02-08 14:48:08.282810,253,0,51,131,4,67
2019-02-08 14:48:13.340802,253,0,51,131,4,67
2019-02-08 14:48:18.397562,252,0,51,130,4,67
2019-02-08 14:48:23.456678,253,0,51,131,4,67
2019-02-08 14:48:28.514183,254,0,51,132,4,67
2019-02-08 14:48:33.571605,253,0,51,130,4,68
2019-02-08 14:48:38.629569,253,0,51,131,4,67
2019-02-08 14:48:43.696232,253,0,51,131,4,67
2019-02-08 14:48:48.753036,253,0,51,131,4,67
2019-02-08 14:48:53.811179,254,0,51,131,4,68
2019-02-08 14:48:58.859266,253,0,51,131,4,67
2019-02-08 14:49:03.917128,253,0,51,130,4,68
2019-02-08 14:49:08.973575,253,0,51,131,4,67
2019-02-08 14:49:14.031980,252,0,51,131,4,66
2019-02-08 14:49:19.089405,256,0,51,133,4,68
2019-02-08 14:49:24.165578,253,0,51,131,4,67
2019-02-08 14:49:29.223361,253,0,51,130,4,68
2019-02-08 14:49:34.281144,253,0,51,130,4,68
2019-02-08 14:49:39.337670,253,0,51,130,4,68
2019-02-08 14:49:44.396256,254,0,51,132,4,67
2019-02-08 14:49:49.454473,252,0,51,131,4,66
2019-02-08 14:49:54.512111,253,0,51,131,4,67
2019-02-08 14:49:59.571635,254,0,51,131,4,68
2019-02-08 14:50:04.627644,253,0,51,130,4,68
2019-02-08 14:50:09.696258,253,0,51,131,4,67
2019-02-08 14:50:14.753248,253,0,51,131,4,67
2019-02-08 14:50:19.809336,253,0,51,131,4,67
2019-02-08 14:50:24.867552,256,0,51,134,4,67
2019-02-08 14:50:29.923564,255,0,51,132,4,68
2019-02-08 14:50:34.981064,254,0,51,132,4,67
2019-02-08 14:50:40.038411,253,0,51,130,4,68
2019-02-08 14:50:45.096885,253,0,51,131,4,67
2019-02-08 14:50:50.154495,254,0,51,131,4,68
2019-02-08 14:50:55.212456,256,0,51,133,4,68
2019-02-08 14:51:00.270319,253,0,51,132,4,66
2019-02-08 14:51:05.327307,253,0,51,131,4,67
2019-02-08 14:51:10.395922,253,0,51,131,4,67
2019-02-08 14:51:15.445524,253,0,51,131,4,67
2019-02-08 14:51:20.501976,253,0,51,131,4,67
2019-02-08 14:51:25.558780,256,0,52,134,4,66
2019-02-08 14:51:30.616562,253,0,51,132,4,66
2019-02-08 14:51:35.693795,253,0,51,132,4,66
2019-02-08 14:51:40.752019,257,0,51,136,3,67
2019-02-08 14:51:45.810599,253,0,51,132,4,66
2019-02-08 14:51:50.867586,253,0,51,131,4,67
2019-02-08 14:51:55.925447,255,0,51,132,4,68
2019-02-08 14:52:00.984758,253,0,51,131,4,67
2019-02-08 14:52:06.041633,253,0,51,131,4,67
2019-02-08 14:52:11.099677,254,0,51,131,4,68
2019-02-08 14:52:16.158076,253,0,51,130,4,68
2019-02-08 14:52:21.215059,252,0,51,130,4,67
2019-02-08 14:52:26.271331,253,0,51,131,4,67
2019-02-08 14:52:31.329552,253,0,51,130,4,68
2019-02-08 14:52:36.386796,253,0,51,132,4,66
2019-02-08 14:52:41.444399,258,0,51,136,4,67
2019-02-08 14:52:46.502619,252,0,51,131,4,66
2019-02-08 14:52:51.604221,253,0,51,130,4,68
2019-02-08 14:52:56.694333,255,0,51,132,4,68
2019-02-08 14:53:01.752553,254,0,51,132,4,67
2019-02-08 14:53:06.809544,252,0,51,131,4,66
2019-02-08 14:53:11.867326,255,0,51,133,4,67
2019-02-08 14:53:16.924931,253,0,53,131,4,65
2019-02-08 14:53:21.980659,252,0,51,131,4,66
2019-02-08 14:53:27.038881,255,0,51,132,4,68
2019-02-08 14:53:32.095510,253,0,51,131,4,67
2019-02-08 14:53:37.152856,253,0,51,131,4,67
2019-02-08 14:53:42.210352,254,0,51,132,4,67
2019-02-08 14:53:47.266626,254,0,51,132,4,67
2019-02-08 14:53:52.323969,253,0,51,131,4,67
2019-02-08 14:53:57.381649,255,0,51,133,4,67
2019-02-08 14:54:02.438489,253,0,51,131,4,67
2019-02-08 14:54:07.494908,253,0,51,130,4,68
2019-02-08 14:54:12.552960,253,0,51,132,4,66
2019-02-08 14:54:17.609381,254,0,51,132,4,67
2019-02-08 14:54:22.693047,253,0,51,130,4,68
2019-02-08 14:54:27.739020,253,0,51,131,4,67
2019-02-08 14:54:32.827016,254,0,51,132,4,67
2019-02-08 14:54:37.883458,253,0,51,131,4,67
2019-02-08 14:54:42.940813,253,0,51,132,4,66
2019-02-08 14:54:47.998351,253,0,51,131,4,67
2019-02-08 14:54:53.055686,253,0,51,131,4,67
2019-02-08 14:54:58.112439,253,0,51,131,4,67
2019-02-08 14:55:03.169655,253,0,51,131,4,67
2019-02-08 14:55:08.217376,253,0,51,131,4,67
2019-02-08 14:55:13.274078,253,0,51,131,4,67
2019-02-08 14:55:18.332042,255,0,52,132,4,67
2019-02-08 14:55:23.390264,253,0,51,131,4,67
2019-02-08 14:55:28.446975,253,0,51,132,4,66
2019-02-08 14:55:33.504321,254,0,51,131,4,68
2019-02-08 14:55:38.567167,253,0,51,131,4,67
2019-02-08 14:55:43.625107,253,0,51,132,4,66
2019-02-08 14:55:48.688934,253,0,51,131,4,67
2019-02-08 14:55:53.746979,253,0,51,131,4,67
2019-02-08 14:55:58.803243,253,0,51,131,4,67
2019-02-08 14:56:03.860668,253,0,51,131,4,67
2019-02-08 14:56:08.918632,253,0,51,132,4,66
2019-02-08 14:56:13.975879,253,0,51,131,4,67
2019-02-08 14:56:19.053469,253,0,51,132,4,66
2019-02-08 14:56:24.111257,253,0,51,130,4,68
2019-02-08 14:56:29.169318,253,0,51,131,4,67
2019-02-08 14:56:34.225920,253,0,51,131,4,67
2019-02-08 14:56:39.284324,253,0,51,131,4,67
2019-02-08 14:56:44.341926,256,0,51,132,5,68
2019-02-08 14:56:49.399337,255,0,51,132,4,68
2019-02-08 14:56:54.457571,253,0,51,131,4,67
2019-02-08 14:56:59.513844,252,0,51,131,4,66
2019-02-08 14:57:04.571620,253,0,51,132,4,66
2019-02-08 14:57:09.677565,253,0,51,132,4,66
2019-02-08 14:57:14.735966,253,0,51,132,4,66
2019-02-08 14:57:19.793210,256,0,51,133,4,68
2019-02-08 14:57:24.850017,256,0,51,134,4,67
2019-02-08 14:57:29.908060,254,0,51,132,4,67
2019-02-08 14:57:34.963888,253,0,51,131,4,67
2019-02-08 14:57:40.023086,253,0,51,130,4,68
2019-02-08 14:57:45.079277,253,0,51,132,4,66
2019-02-08 14:57:50.136160,253,0,51,130,4,68
2019-02-08 14:57:55.193587,256,0,51,134,4,67
2019-02-08 14:58:00.270200,255,0,51,132,4,68
2019-02-08 14:58:05.327187,253,0,51,131,4,67
2019-02-08 14:58:10.386384,253,0,51,132,4,66
2019-02-08 14:58:15.443452,253,0,51,132,4,66
2019-02-08 14:58:20.500256,255,0,51,134,4,66
2019-02-08 14:58:25.558674,255,0,51,134,4,66
2019-02-08 14:58:30.615907,253,0,51,132,4,66
2019-02-08 14:58:35.688487,253,0,51,131,4,67
2019-02-08 14:58:40.746572,258,0,51,136,4,67
2019-02-08 14:58:45.803379,255,0,51,132,4,68
2019-02-08 14:58:50.860622,253,0,51,131,4,67
2019-02-08 14:58:55.918713,253,0,51,130,4,68
2019-02-08 14:59:00.966168,254,0,51,131,4,68
2019-02-08 14:59:06.023041,254,0,51,131,4,68
2019-02-08 14:59:11.082138,253,0,51,130,4,68
2019-02-08 14:59:16.129786,253,0,51,131,4,67
2019-02-08 14:59:21.186772,256,0,51,132,4,69
2019-02-08 14:59:26.245611,254,0,51,132,4,67
2019-02-08 14:59:31.304014,252,0,51,130,4,67
2019-02-08 14:59:36.360640,253,0,51,131,4,67
2019-02-08 14:59:41.418863,258,0,51,135,4,68
2019-02-08 14:59:46.499570,253,0,51,131,4,67
2019-02-08 14:59:51.557174,253,0,51,130,4,68
2019-02-08 14:59:56.614773,252,0,51,130,4,67
2019-02-08 15:00:01.687479,258,0,51,137,4,66
2019-02-08 15:00:06.744907,253,0,51,130,4,68
2019-02-08 15:00:11.802508,254,0,51,132,4,67
2019-02-08 15:00:16.861089,255,0,51,131,4,69
2019-02-08 15:00:21.917356,253,0,51,131,4,67
2019-02-08 15:00:26.977277,254,0,51,132,4,67
2019-02-08 15:00:32.034160,253,0,51,132,4,66
2019-02-08 15:00:37.081370,253,0,51,130,4,68
2019-02-08 15:00:42.140391,254,0,51,132,4,67
2019-02-08 15:00:47.196655,254,0,51,130,4,69
2019-02-08 15:00:52.254083,252,0,51,131,4,66
2019-02-08 15:00:57.312482,254,0,51,133,4,66
2019-02-08 15:01:02.369289,254,0,51,133,4,66
2019-02-08 15:01:07.426352,251,0,51,131,4,65
2019-02-08 15:01:12.484775,252,0,51,132,4,65
2019-02-08 15:01:17.542200,253,0,51,131,4,67
2019-02-08 15:01:22.599891,253,0,51,132,4,66
2019-02-08 15:01:27.720212,253,0,51,131,4,67
2019-02-08 15:01:32.776037,253,0,51,130,4,68
2019-02-08 15:01:37.833462,253,0,51,131,4,67
2019-02-08 15:01:42.891503,253,0,51,131,4,67
2019-02-08 15:01:47.950111,252,0,51,130,4,67
2019-02-08 15:01:53.006534,253,0,51,130,4,68
2019-02-08 15:01:58.063160,253,0,51,131,4,67
2019-02-08 15:02:03.121559,252,0,51,130,4,67
2019-02-08 15:02:08.177573,252,0,51,130,4,67
2019-02-08 15:02:13.226460,253,0,51,131,4,67
2019-02-08 15:02:18.282820,252,0,51,130,4,67
2019-02-08 15:02:23.340503,252,0,51,130,4,67
2019-02-08 15:02:28.399082,254,0,51,131,4,68
2019-02-08 15:02:33.456869,252,0,51,130,4,67
2019-02-08 15:02:38.513751,252,0,51,130,4,67
2019-02-08 15:02:43.570378,253,0,51,131,4,67
2019-02-08 15:02:48.678636,253,0,51,131,4,67
2019-02-08 15:02:53.845446,255,0,50,131,4,70
2019-02-08 15:02:58.912281,253,0,51,130,4,68
2019-02-08 15:03:03.969892,253,0,51,130,4,68
2019-02-08 15:03:09.051753,253,0,51,131,4,67
2019-02-08 15:03:14.110335,253,0,51,130,4,68
2019-02-08 15:03:19.167400,253,0,51,130,4,68
2019-02-08 15:03:24.215225,253,0,51,130,4,68
2019-02-08 15:03:29.271493,253,0,51,130,4,68
2019-02-08 15:03:34.328684,253,0,51,131,4,67
2019-02-08 15:03:39.386565,253,0,51,131,4,67
2019-02-08 15:03:44.443946,253,0,51,131,4,67
2019-02-08 15:03:49.501548,253,0,51,131,4,67
2019-02-08 15:03:54.558795,253,0,51,131,4,67
2019-02-08 15:03:59.606438,252,0,51,130,4,67
2019-02-08 15:04:04.685373,255,0,53,131,4,67
2019-02-08 15:04:09.742674,253,0,51,130,4,68
2019-02-08 15:04:14.799244,254,0,51,132,4,67
2019-02-08 15:04:19.858005,253,0,51,131,4,67
2019-02-08 15:04:24.915071,256,0,51,134,4,67
2019-02-08 15:04:29.972854,253,0,51,132,4,66
2019-02-08 15:04:35.030895,253,0,51,131,4,67
2019-02-08 15:04:40.129205,254,0,51,132,4,67
2019-02-08 15:04:45.186003,254,0,51,131,4,68
2019-02-08 15:04:50.244838,253,0,51,131,4,67
2019-02-08 15:04:55.301656,255,0,51,134,4,66
2019-02-08 15:05:00.358642,254,0,51,132,4,67
2019-02-08 15:05:05.417575,253,0,51,130,4,68
2019-02-08 15:05:10.474279,253,0,51,131,4,67
2019-02-08 15:05:15.530727,253,0,51,132,4,66
2019-02-08 15:05:20.589056,253,0,51,131,4,67
2019-02-08 15:05:25.685908,253,0,51,132,4,66
2019-02-08 15:05:30.743339,253,0,51,130,4,68
2019-02-08 15:05:35.800940,254,0,51,131,4,68
2019-02-08 15:05:40.858366,258,0,51,136,4,67
2019-02-08 15:05:45.915611,253,0,51,131,4,67
2019-02-08 15:05:50.963259,252,0,51,130,4,67
2019-02-08 15:05:56.020687,253,0,51,130,4,68
2019-02-08 15:06:01.068091,253,0,51,131,4,67
2019-02-08 15:06:06.126915,253,0,51,130,4,68
2019-02-08 15:06:11.183358,253,0,52,130,4,67
2019-02-08 15:06:16.240782,253,0,51,131,4,67
2019-02-08 15:06:21.335177,253,0,51,132,4,66
2019-02-08 15:06:26.391804,253,0,51,130,4,68
2019-02-08 15:06:31.450381,253,0,51,130,4,68
2019-02-08 15:06:36.507449,253,0,51,130,4,68
2019-02-08 15:06:41.564611,258,0,51,136,4,67
2019-02-08 15:06:46.673813,253,0,51,131,4,67
2019-02-08 15:06:51.732149,253,0,51,130,4,68
2019-02-08 15:06:56.789311,254,0,51,131,4,68
2019-02-08 15:07:01.846017,253,0,52,130,4,67
2019-02-08 15:07:06.903440,253,0,51,130,4,68
2019-02-08 15:07:11.960871,255,0,51,132,4,68
2019-02-08 15:07:17.018057,253,0,51,130,4,68
2019-02-08 15:07:22.076433,264,0,51,142,4,67
2019-02-08 15:07:27.134296,262,0,51,140,4,67
2019-02-08 15:07:32.191726,262,0,51,139,4,68
2019-02-08 15:07:37.240528,256,0,51,132,4,69
2019-02-08 15:07:42.296976,257,0,51,132,4,70
2019-02-08 15:07:47.355193,253,0,51,130,4,68
2019-02-08 15:07:52.412619,255,0,51,132,4,68
2019-02-08 15:07:57.470249,262,0,51,139,4,68
2019-02-08 15:08:02.562482,259,0,51,138,4,66
2019-02-08 15:08:07.620441,258,0,51,134,4,69
2019-02-08 15:08:12.685149,253,0,51,131,4,67
2019-02-08 15:08:17.741876,254,0,51,131,4,68
2019-02-08 15:08:22.800712,253,0,51,130,4,68
2019-02-08 15:08:27.858399,253,0,51,130,4,68
2019-02-08 15:08:32.915743,253,0,51,130,4,68
2019-02-08 15:08:37.974222,251,0,51,129,4,67
2019-02-08 15:08:43.031830,251,0,51,129,4,67
2019-02-08 15:08:48.090408,252,0,51,130,4,67
2019-02-08 15:08:53.148649,249,0,51,129,4,65
2019-02-08 15:08:58.205437,253,0,51,129,4,69
2019-02-08 15:09:03.262505,253,0,51,131,4,67
2019-02-08 15:09:08.320104,253,0,51,130,4,68
2019-02-08 15:09:13.378325,251,0,51,130,4,66
2019-02-08 15:09:18.434776,253,0,51,130,4,68
2019-02-08 15:09:23.492376,253,0,51,130,4,68
2019-02-08 15:09:28.550780,253,0,51,130,4,68
2019-02-08 15:09:33.606791,253,0,51,130,4,68
2019-02-08 15:09:38.683840,252,0,51,130,4,67
2019-02-08 15:09:43.782507,253,0,51,130,4,68
2019-02-08 15:09:48.840013,251,0,51,129,4,67
2019-02-08 15:09:53.898152,253,0,51,130,4,68
2019-02-08 15:09:58.944819,252,0,51,130,4,67
2019-02-08 15:10:04.001804,253,0,51,130,4,68
2019-02-08 15:10:09.060025,251,0,51,129,4,67
2019-02-08 15:10:14.118113,252,0,51,129,4,68
2019-02-08 15:10:19.174514,251,0,51,129,4,67
2019-02-08 15:10:24.231246,251,0,51,130,4,66
2019-02-08 15:10:29.289365,252,0,51,129,4,68
2019-02-08 15:10:34.346968,251,0,51,130,4,66
2019-02-08 15:10:39.403416,252,0,51,129,4,68
2019-02-08 15:10:44.460142,253,0,51,129,4,69
2019-02-08 15:10:49.516668,253,0,51,130,4,68
2019-02-08 15:10:54.563962,251,0,51,129,4,67
2019-02-08 15:10:59.672035,253,0,51,130,4,68
2019-02-08 15:11:04.729277,253,0,51,130,4,68
2019-02-08 15:11:09.787678,253,0,51,130,4,68
2019-02-08 15:11:14.845284,253,0,51,131,4,67
2019-02-08 15:11:19.902528,251,0,51,130,4,66
2019-02-08 15:11:25.003148,255,0,51,132,4,68
2019-02-08 15:11:30.059714,253,0,51,130,4,68
2019-02-08 15:11:35.115414,252,0,51,130,4,67
2019-02-08 15:11:40.171930,252,0,51,129,4,68
2019-02-08 15:11:45.229683,252,0,51,130,4,67
2019-02-08 15:11:50.285955,252,0,51,130,4,67
2019-02-08 15:11:55.344423,256,0,51,133,4,68
2019-02-08 15:12:00.400189,254,0,51,131,4,68
2019-02-08 15:12:05.458378,252,0,51,130,4,67
2019-02-08 15:12:10.515235,252,0,51,131,4,66
2019-02-08 15:12:15.572831,253,0,51,130,4,68
2019-02-08 15:12:20.677796,252,0,51,130,4,67
2019-02-08 15:12:25.725446,252,0,51,130,4,67
2019-02-08 15:12:30.782867,253,0,51,130,4,68
2019-02-08 15:12:35.840470,253,0,51,130,4,68
2019-02-08 15:12:40.899411,257,0,51,135,4,67
2019-02-08 15:12:45.956118,252,0,51,130,4,67
2019-02-08 15:12:51.014440,253,0,51,130,4,68
2019-02-08 15:12:56.061472,253,0,51,130,4,68
2019-02-08 15:13:01.119081,253,0,51,130,4,68
2019-02-08 15:13:06.215379,252,0,51,130,4,67
2019-02-08 15:13:11.273593,253,0,51,130,4,68
2019-02-08 15:13:16.330969,253,0,51,130,4,68
2019-02-08 15:13:21.387771,252,0,51,130,4,67
2019-02-08 15:13:26.445995,253,0,51,130,4,68
2019-02-08 15:13:31.502440,252,0,51,130,4,67
2019-02-08 15:13:36.559864,253,0,51,130,4,68
2019-02-08 15:13:41.667143,253,0,51,131,4,67
2019-02-08 15:13:46.724570,251,0,51,129,4,67
2019-02-08 15:13:51.782973,251,0,51,130,4,66
2019-02-08 15:13:56.841029,255,0,51,132,4,68
2019-02-08 15:14:01.898328,252,0,51,130,4,67
2019-02-08 15:14:06.955064,371,118,51,130,4,68
2019-02-08 15:14:12.003688,416,162,51,132,4,67
2019-02-08 15:14:17.061297,415,162,51,130,4,68
2019-02-08 15:14:22.119338,414,161,51,130,4,68
2019-02-08 15:14:27.176937,420,161,51,132,4,72
2019-02-08 15:14:32.223791,449,162,51,130,4,102
2019-02-08 15:14:37.271622,448,161,51,130,4,102
2019-02-08 15:14:42.320066,417,161,51,131,4,70
2019-02-08 15:14:47.367709,449,161,51,130,4,103
2019-02-08 15:14:52.444690,462,161,51,130,4,116
2019-02-08 15:14:57.503087,451,162,51,132,4,102
2019-02-08 15:15:02.560514,451,161,51,131,4,104
2019-02-08 15:15:07.666637,449,161,51,130,4,103
2019-02-08 15:15:12.724860,448,160,51,131,4,102
2019-02-08 15:15:17.780687,449,160,52,131,4,102
2019-02-08 15:15:22.838906,451,160,51,133,4,103
2019-02-08 15:15:27.895894,449,160,51,132,4,102
2019-02-08 15:15:32.953933,447,160,51,130,4,102
2019-02-08 15:15:38.011002,448,160,51,130,4,103
2019-02-08 15:15:43.068605,448,159,51,131,4,103
2019-02-08 15:15:48.126826,448,159,51,130,4,104
2019-02-08 15:15:53.184434,446,159,51,129,4,103
2019-02-08 15:15:58.242652,447,159,51,130,4,103
2019-02-08 15:16:03.300256,446,159,51,130,4,102
2019-02-08 15:16:08.358483,445,159,51,129,4,102
2019-02-08 15:16:13.415907,455,159,51,138,4,103
2019-02-08 15:16:18.473323,446,159,51,129,4,103
2019-02-08 15:16:23.529157,448,159,51,132,4,102
2019-02-08 15:16:28.588532,446,158,51,130,4,103
2019-02-08 15:16:33.703998,445,159,51,130,4,101
2019-02-08 15:16:38.761852,446,159,51,129,4,103
2019-02-08 15:16:43.819104,444,159,51,129,4,101
2019-02-08 15:16:48.866568,445,159,51,129,4,102
2019-02-08 15:16:53.923993,446,159,51,130,4,102
2019-02-08 15:16:58.981698,443,159,51,129,4,100
2019-02-08 15:17:04.038045,447,159,51,131,4,102
2019-02-08 15:17:09.094490,445,158,51,130,4,102
2019-02-08 15:17:14.151295,443,159,51,130,4,99
2019-02-08 15:17:19.208540,445,158,51,130,4,102
2019-02-08 15:17:24.265784,446,159,51,130,4,102
2019-02-08 15:17:29.324196,446,159,51,130,4,102
2019-02-08 15:17:34.380013,446,158,51,130,4,103
2019-02-08 15:17:39.438237,446,159,51,130,4,102
2019-02-08 15:17:44.496458,444,158,51,130,4,101
2019-02-08 15:17:49.554239,446,158,51,131,4,102
2019-02-08 15:17:54.611306,448,157,51,130,4,106
2019-02-08 15:17:59.665798,445,157,51,132,4,101
2019-02-08 15:18:04.722529,443,157,52,130,4,100
2019-02-08 15:18:09.780210,444,157,51,130,4,102
2019-02-08 15:18:14.870329,445,158,51,130,4,102
2019-02-08 15:18:19.927753,444,158,51,130,4,101
2019-02-08 15:18:24.984993,447,158,51,132,4,102
2019-02-08 15:18:30.042606,447,158,51,131,4,103
2019-02-08 15:18:35.099228,444,158,51,130,4,101
2019-02-08 15:18:40.157451,443,157,52,130,4,100
2019-02-08 15:18:45.215856,445,158,51,130,4,102
2019-02-08 15:18:50.273276,444,159,51,130,4,100
2019-02-08 15:18:55.331237,452,158,51,132,4,107
2019-02-08 15:19:00.389639,446,158,51,131,4,102
2019-02-08 15:19:05.445907,444,158,51,130,4,101
2019-02-08 15:19:10.504307,444,158,51,130,4,101
2019-02-08 15:19:15.561916,446,158,51,130,4,103
2019-02-08 15:19:20.664384,446,159,51,130,4,102
2019-02-08 15:19:25.722891,444,158,51,130,4,101
2019-02-08 15:19:30.780388,444,157,51,130,4,102
2019-02-08 15:19:35.837992,445,157,51,130,4,103
2019-02-08 15:19:40.895420,450,158,51,136,4,101
2019-02-08 15:19:45.952658,447,157,51,131,4,104
2019-02-08 15:19:51.009117,444,157,51,131,4,101
2019-02-08 15:19:56.095687,450,157,51,130,4,108
2019-02-08 15:20:01.154084,458,157,51,130,4,116
2019-02-08 15:20:06.211723,461,156,51,131,4,119
2019-02-08 15:20:11.269108,446,157,51,131,4,103
2019-02-08 15:20:16.326535,464,157,51,130,4,122
2019-02-08 15:20:21.384755,444,157,51,130,4,102
2019-02-08 15:20:26.441205,441,157,51,129,4,100
2019-02-08 15:20:31.499606,444,157,51,130,4,102
2019-02-08 15:20:36.557025,444,157,51,130,4,102
2019-02-08 15:20:41.664485,444,157,51,131,4,101
2019-02-08 15:20:46.712755,441,156,51,130,4,100
2019-02-08 15:20:51.768761,442,157,51,130,4,100
2019-02-08 15:20:56.826005,446,157,51,131,4,103
2019-02-08 15:21:01.885021,446,157,51,132,4,102
2019-02-08 15:21:06.941471,445,157,51,129,4,104
2019-02-08 15:21:11.999076,444,157,51,130,4,102
2019-02-08 15:21:17.057296,443,157,51,130,4,101
2019-02-08 15:21:22.114901,442,157,51,130,4,100
2019-02-08 15:21:27.172322,443,157,51,130,4,101
2019-02-08 15:21:32.229130,443,157,51,130,4,101
2019-02-08 15:21:37.315086,445,157,51,130,4,103
2019-02-08 15:21:42.372943,443,156,51,131,4,101
2019-02-08 15:21:47.431167,442,157,51,130,4,100
2019-02-08 15:21:52.486920,443,157,51,131,4,100
2019-02-08 15:21:57.544421,443,157,51,131,4,100
2019-02-08 15:22:02.603442,444,156,51,129,4,104
2019-02-08 15:22:07.674551,443,157,51,130,4,101
2019-02-08 15:22:12.722196,443,157,51,130,4,101
2019-02-08 15:22:17.769048,442,156,51,130,4,101
2019-02-08 15:22:22.826038,442,157,51,130,4,100
2019-02-08 15:22:27.883100,444,157,51,131,4,101
2019-02-08 15:22:32.942040,442,157,51,130,4,100
2019-02-08 15:22:37.998131,443,157,51,130,4,101
2019-02-08 15:22:43.056090,443,156,51,131,4,101
2019-02-08 15:22:48.114132,442,157,51,130,4,100
2019-02-08 15:22:53.171197,441,156,51,130,4,100
2019-02-08 15:22:58.227395,446,156,51,130,4,105
2019-02-08 15:23:03.286045,443,156,51,130,4,102
2019-02-08 15:23:08.341797,441,157,51,130,4,99
2019-02-08 15:23:13.400278,444,157,51,130,4,102
2019-02-08 15:23:18.457262,444,157,51,130,4,102
2019-02-08 15:23:23.542753,441,157,51,130,4,99
2019-02-08 15:23:28.600180,443,156,51,131,4,101
2019-02-08 15:23:33.674321,441,156,51,129,4,101
2019-02-08 15:23:38.730950,440,156,51,129,4,100
2019-02-08 15:23:43.788093,443,157,51,130,4,101
2019-02-08 15:23:48.846496,443,156,51,128,4,104
2019-02-08 15:23:53.902939,442,156,51,130,4,101
2019-02-08 15:23:58.959924,440,156,51,130,4,99
2019-02-08 15:24:04.017967,444,156,51,129,4,104
2019-02-08 15:24:09.075216,443,156,51,128,4,104
2019-02-08 15:24:14.132919,441,157,51,131,4,98
2019-02-08 15:24:19.190234,440,156,51,129,4,100
2019-02-08 15:24:24.245891,445,157,51,132,4,101
2019-02-08 15:24:29.303494,440,157,51,130,4,98
2019-02-08 15:24:34.361899,440,156,51,129,4,100
2019-02-08 15:24:39.419678,440,156,51,130,4,99
2019-02-08 15:24:44.475958,440,156,51,130,4,99
2019-02-08 15:24:49.534784,442,156,51,129,4,102
2019-02-08 15:24:54.592207,441,157,51,130,4,99
2019-02-08 15:24:59.671936,443,157,51,130,4,101
2019-02-08 15:25:04.760823,444,157,51,131,4,101
2019-02-08 15:25:09.817826,444,156,51,130,4,103
2019-02-08 15:25:14.875311,441,157,51,130,4,99
2019-02-08 15:25:19.934611,444,156,51,130,4,103
2019-02-08 15:25:24.981102,446,157,51,132,4,102
2019-02-08 15:25:30.038964,445,156,51,131,4,103
2019-02-08 15:25:35.096576,443,157,51,130,3,102
2019-02-08 15:25:40.154798,471,156,51,130,4,130
2019-02-08 15:25:45.210619,447,157,51,130,3,106
2019-02-08 15:25:50.269639,443,156,51,130,4,102
2019-02-08 15:25:55.326084,452,157,51,132,4,108
2019-02-08 15:26:00.372141,457,157,51,130,4,115
2019-02-08 15:26:05.430360,445,157,52,132,4,100
2019-02-08 15:26:10.487166,440,157,51,130,4,98
2019-02-08 15:26:15.544770,443,156,51,131,4,101
2019-02-08 15:26:20.603788,442,157,51,130,4,100
2019-02-08 15:26:25.662990,442,157,51,130,4,100
2019-02-08 15:26:30.721393,442,157,51,130,4,100
2019-02-08 15:26:35.778994,440,157,51,130,4,98
2019-02-08 15:26:40.837219,447,157,51,135,4,100
2019-02-08 15:26:45.885051,442,156,51,129,4,102
2019-02-08 15:26:50.982114,444,157,51,130,4,102
2019-02-08 15:26:56.039793,443,157,51,130,4,101
2019-02-08 15:27:01.096162,443,157,51,130,4,101
2019-02-08 15:27:06.154478,446,157,51,130,4,104
2019-02-08 15:27:11.211263,444,157,51,130,4,102
2019-02-08 15:27:16.268870,445,157,51,130,4,103
2019-02-08 15:27:21.325138,442,157,51,131,4,99
2019-02-08 15:27:26.381946,445,157,51,130,4,103
2019-02-08 15:27:31.439807,442,157,51,130,4,100
2019-02-08 15:27:36.497233,444,156,51,130,4,103
2019-02-08 15:27:41.554835,448,157,51,134,4,102
2019-02-08 15:27:46.661753,453,156,51,129,3,114
2019-02-08 15:27:51.718739,443,157,51,130,4,101
2019-02-08 15:27:56.775446,443,156,51,130,4,102
2019-02-08 15:28:01.831635,447,157,51,130,4,105
2019-02-08 15:28:06.890347,444,157,51,130,4,102
2019-02-08 15:28:11.947206,445,157,51,132,4,101
2019-02-08 15:28:17.004349,447,157,51,130,4,105
2019-02-08 15:28:22.060970,447,157,51,130,4,105
2019-02-08 15:28:27.117573,449,157,51,131,4,106
2019-02-08 15:28:32.208426,444,157,51,129,4,103
2019-02-08 15:28:37.265246,441,157,51,130,4,99
2019-02-08 15:28:42.321022,285,0,51,130,4,100
2019-02-08 15:28:47.378780,284,0,51,130,4,99
2019-02-08 15:28:52.435361,285,0,51,129,4,101
2019-02-08 15:28:57.493443,287,0,51,131,4,101
2019-02-08 15:29:02.549629,288,0,51,130,4,103
2019-02-08 15:29:07.656677,289,0,51,131,4,103
2019-02-08 15:29:12.713896,288,0,51,131,4,102
2019-02-08 15:29:17.770860,287,0,51,130,4,102
2019-02-08 15:29:22.828901,286,0,51,129,4,102
2019-02-08 15:29:27.886864,288,0,51,130,4,103
2019-02-08 15:29:32.944290,285,0,51,130,4,100
2019-02-08 15:29:38.001534,285,0,51,130,4,100
2019-02-08 15:29:43.059577,288,0,51,130,4,103
2019-02-08 15:29:48.117461,285,0,51,129,4,101
2019-02-08 15:29:53.175322,285,0,51,129,4,101
2019-02-08 15:29:58.232027,286,0,51,130,4,101
2019-02-08 15:30:03.287856,287,0,51,130,4,102
2019-02-08 15:30:08.336731,289,0,51,130,4,104
2019-02-08 15:30:13.414272,288,0,51,131,4,102
2019-02-08 15:30:18.471502,290,0,51,130,4,105
2019-02-08 15:30:23.518973,286,0,51,130,4,101
2019-02-08 15:30:28.575954,286,0,51,131,4,100
2019-02-08 15:30:33.667773,287,0,51,130,4,102
2019-02-08 15:30:38.725994,285,0,51,130,4,100
2019-02-08 15:30:43.782700,286,0,51,131,4,100
2019-02-08 15:30:48.840123,285,0,51,130,4,100
2019-02-08 15:30:53.898705,288,0,51,130,4,103
2019-02-08 15:30:58.956489,288,0,51,130,4,103
2019-02-08 15:31:04.003777,286,0,51,130,4,101
2019-02-08 15:31:09.061380,286,0,51,130,4,101
2019-02-08 15:31:14.107075,285,0,51,130,4,100
2019-02-08 15:31:19.164062,290,0,51,135,4,100
2019-02-08 15:31:24.223259,285,0,51,130,4,100
2019-02-08 15:31:29.280686,285,0,51,130,4,100
2019-02-08 15:31:34.336514,285,0,51,130,4,100
2019-02-08 15:31:39.395174,285,0,51,130,4,100
2019-02-08 15:31:44.452617,284,0,51,131,4,98
2019-02-08 15:31:49.500246,285,0,51,132,4,98
2019-02-08 15:31:54.559819,284,0,51,130,4,99
2019-02-08 15:31:59.703691,251,0,51,131,4,65
2019-02-08 15:32:04.759958,252,0,51,130,4,67
2019-02-08 15:32:09.817313,251,0,51,130,4,66
2019-02-08 15:32:14.874989,252,0,51,130,4,67
2019-02-08 15:32:19.931431,251,0,51,129,4,67
2019-02-08 15:32:24.978644,258,0,51,135,4,68
2019-02-08 15:32:30.036864,252,0,51,130,4,67
2019-02-08 15:32:35.093937,251,0,51,130,4,66
2019-02-08 15:32:40.151892,250,0,51,129,4,66
2019-02-08 15:32:45.208957,252,0,51,130,4,67
2019-02-08 15:32:50.267181,250,0,51,129,4,66
2019-02-08 15:32:55.324787,256,0,51,132,4,69
2019-02-08 15:33:00.381589,254,0,51,130,4,69
2019-02-08 15:33:05.437962,251,0,51,130,4,66
2019-02-08 15:33:10.495461,289,0,51,130,3,105
2019-02-08 15:33:15.553251,289,0,51,131,4,103
2019-02-08 15:33:20.655276,287,0,51,130,4,102
2019-02-08 15:33:25.712000,290,0,53,129,4,104
2019-02-08 15:33:30.769588,288,0,51,130,4,103
2019-02-08 15:33:35.860785,288,0,51,130,4,103
2019-02-08 15:33:40.917496,292,0,51,135,4,102
2019-02-08 15:33:45.975712,289,0,51,132,4,102
2019-02-08 15:33:51.032880,287,0,51,131,4,101
2019-02-08 15:33:56.090918,284,0,51,130,4,99
2019-02-08 15:34:01.147980,288,0,51,131,4,102
2019-02-08 15:34:06.204971,299,0,51,131,4,113
2019-02-08 15:34:11.261238,287,0,51,131,4,101
2019-02-08 15:34:16.319997,288,0,51,130,4,103
2019-02-08 15:34:21.376887,286,0,51,131,4,100
2019-02-08 15:34:26.434231,288,0,51,132,4,101
2019-02-08 15:34:31.492708,286,0,51,130,4,101
2019-02-08 15:34:36.538588,288,0,51,131,4,102
2019-02-08 15:34:41.595968,291,0,51,135,4,101
2019-02-08 15:34:46.666320,547,258,51,130,4,104
2019-02-08 15:34:51.722767,546,258,53,129,4,102
2019-02-08 15:34:56.780009,553,258,60,131,4,100
2019-02-08 15:35:01.837620,561,257,68,130,4,102
2019-02-08 15:35:06.895831,560,257,68,130,4,101
2019-02-08 15:35:11.951492,585,257,68,130,4,126
2019-02-08 15:35:17.009708,729,257,68,130,4,270
2019-02-08 15:35:22.088455,908,257,68,132,4,447
2019-02-08 15:35:27.145444,1230,256,68,135,4,767
2019-02-08 15:35:32.203484,1465,255,68,138,4,1000
2019-02-08 15:35:37.260297,1479,255,68,143,4,1009
2019-02-08 15:35:42.318153,1432,256,70,151,4,951
2019-02-08 15:35:47.375859,1291,255,68,151,4,813
2019-02-08 15:35:52.433181,1333,255,68,152,5,853
2019-02-08 15:35:57.490961,1216,255,68,152,4,737
2019-02-08 15:36:02.548825,1214,255,68,152,4,735
2019-02-08 15:36:07.652992,1215,256,67,150,4,738
2019-02-08 15:36:12.710418,1230,255,68,160,4,743
2019-02-08 15:36:17.767224,1202,255,68,151,4,724
2019-02-08 15:36:22.825448,1203,255,68,150,4,726
2019-02-08 15:36:27.883048,1187,255,67,152,4,709
2019-02-08 15:36:32.941091,1220,255,68,149,4,744
2019-02-08 15:36:37.998617,1204,255,68,149,4,728
2019-02-08 15:36:43.055683,1234,254,69,151,4,756
2019-02-08 15:36:48.113481,1211,254,68,152,4,733
2019-02-08 15:36:53.170785,1209,254,67,151,4,733
2019-02-08 15:36:58.227594,1205,253,67,152,4,729
2019-02-08 15:37:03.305907,1195,253,67,151,4,720
2019-02-08 15:37:08.361813,1197,253,67,150,4,723
2019-02-08 15:37:13.419419,1206,253,67,151,4,731
2019-02-08 15:37:18.477819,1204,254,67,150,4,729
2019-02-08 15:37:23.536222,1203,254,67,150,4,728
2019-02-08 15:37:28.592049,1213,253,68,152,4,736
2019-02-08 15:37:33.709185,1230,253,67,152,4,754
2019-02-08 15:37:38.766428,1266,254,67,151,4,790
2019-02-08 15:37:43.823852,1294,253,67,151,4,819
2019-02-08 15:37:48.882178,1296,254,68,152,4,818
2019-02-08 15:37:53.939059,1347,253,68,153,4,869
2019-02-08 15:37:58.997101,1274,252,69,153,4,796
2019-02-08 15:38:04.054448,1281,252,68,153,4,804
2019-02-08 15:38:09.112127,1250,253,68,153,4,772
2019-02-08 15:38:14.158725,1200,253,67,153,4,723
2019-02-08 15:38:19.207430,1140,253,68,152,4,663
2019-02-08 15:38:24.264772,1068,253,68,153,4,590
2019-02-08 15:38:29.322274,1065,254,67,153,4,587
2019-02-08 15:38:34.381032,1110,253,67,153,4,633
2019-02-08 15:38:39.437484,1187,252,67,152,4,712
2019-02-08 15:38:44.519965,1296,252,67,153,4,820
2019-02-08 15:38:49.577567,1371,250,68,152,4,897
2019-02-08 15:38:54.664500,1445,250,67,157,4,967
2019-02-08 15:38:59.721380,1454,251,68,154,4,977
2019-02-08 15:39:04.778808,1417,252,68,154,4,939
2019-02-08 15:39:09.835536,1471,252,68,153,4,994
2019-02-08 15:39:14.892676,1544,252,69,154,4,1065
2019-02-08 15:39:19.949666,1504,252,68,155,4,1025
2019-02-08 15:39:24.997150,1544,252,68,157,4,1063
2019-02-08 15:39:30.053757,1537,253,68,158,4,1054
2019-02-08 15:39:35.112777,1639,252,69,156,4,1158
2019-02-08 15:39:40.170205,1537,252,68,156,4,1057
2019-02-08 15:39:45.228525,1496,252,67,157,4,1016
2019-02-08 15:39:50.286924,1486,252,68,157,4,1005
2019-02-08 15:39:55.343630,1486,252,68,159,4,1003
2019-02-08 15:40:00.399821,1498,252,68,159,4,1015
2019-02-08 15:40:05.458474,1550,252,68,157,4,1069
2019-02-08 15:40:10.515109,1458,251,69,158,3,977
2019-02-08 15:40:15.572097,1471,251,67,159,4,990
2019-02-08 15:40:20.663825,1399,252,68,159,4,916
2019-02-08 15:40:25.739469,1380,250,68,161,4,897
2019-02-08 15:40:30.797050,1406,251,67,158,4,926
2019-02-08 15:40:35.843901,1330,250,68,159,4,849
2019-02-08 15:40:40.901683,1409,251,68,163,4,923
2019-02-08 15:40:45.957591,1380,251,68,158,3,900
2019-02-08 15:40:51.015298,1432,250,68,158,4,952
2019-02-08 15:40:56.073415,1397,250,67,158,4,918
2019-02-08 15:41:01.130045,1414,250,67,159,4,934
2019-02-08 15:41:06.188260,1394,250,68,159,4,913
2019-02-08 15:41:11.245431,1308,250,68,158,4,828
2019-02-08 15:41:16.302600,1246,252,68,159,4,763
2019-02-08 15:41:21.361434,1258,252,68,159,4,775
2019-02-08 15:41:26.418163,1260,251,68,161,4,776
2019-02-08 15:41:31.475128,1257,252,67,160,4,774
2019-02-08 15:41:36.533353,1218,251,67,159,4,737
2019-02-08 15:41:41.591573,1235,251,67,163,4,750
2019-02-08 15:41:46.663476,1205,250,67,157,4,727
2019-02-08 15:41:51.721080,1292,250,68,157,4,813
2019-02-08 15:41:56.777092,1261,251,68,158,4,780
2019-02-08 15:42:01.835752,1142,252,68,158,4,660
2019-02-08 15:42:06.893172,1227,251,68,159,4,745
2019-02-08 15:42:11.970512,1228,252,68,159,4,745
2019-02-08 15:42:17.027399,1164,251,68,157,4,684
2019-02-08 15:42:22.085799,1180,250,70,159,4,697
2019-02-08 15:42:27.143219,1182,250,69,162,4,697
2019-02-08 15:42:32.199951,1167,250,69,156,4,688
2019-02-08 15:42:37.247856,1138,251,69,159,4,655
2019-02-08 15:42:42.305900,1163,250,69,159,4,681
2019-02-08 15:42:47.363931,1171,251,68,157,4,691
2019-02-08 15:42:52.422083,1174,251,52,158,4,709
2019-02-08 15:42:57.478273,1159,250,51,159,4,695
2019-02-08 15:43:02.535951,1142,251,51,158,4,678
2019-02-08 15:43:07.594532,1182,250,51,159,4,718
2019-02-08 15:43:12.662144,1198,251,51,157,4,735
2019-02-08 15:43:17.718801,1149,251,51,159,4,684
2019-02-08 15:43:22.776041,1210,251,51,157,4,747
2019-02-08 15:43:27.832670,1112,251,51,159,4,647
2019-02-08 15:43:32.890891,1152,251,51,158,4,688
2019-02-08 15:43:37.948316,1217,251,51,157,4,754
2019-02-08 15:43:43.005739,1313,250,51,159,4,849
2019-02-08 15:43:48.063166,1368,250,51,157,4,906
2019-02-08 15:43:53.121667,1366,250,51,158,4,903
2019-02-08 15:43:58.195608,1380,250,51,159,4,916
2019-02-08 15:44:03.253394,1406,251,53,159,4,939
2019-02-08 15:44:08.311611,1389,251,51,158,4,925
2019-02-08 15:44:13.368597,1414,251,51,159,4,949
2019-02-08 15:44:18.425662,1365,250,51,159,4,901
2019-02-08 15:44:23.483705,1343,251,51,158,4,879
2019-02-08 15:44:28.541145,1364,251,51,159,4,899
2019-02-08 15:44:33.599019,1343,250,51,159,4,879
2019-02-08 15:44:38.661409,1385,250,51,159,4,921
2019-02-08 15:44:43.719987,1322,250,51,159,4,858
2019-02-08 15:44:48.776871,1345,250,51,158,4,882
2019-02-08 15:44:53.834109,1393,250,51,159,4,929
2019-02-08 15:44:58.889946,1358,251,51,159,4,893
2019-02-08 15:45:03.946755,1377,250,51,159,4,913
2019-02-08 15:45:09.004897,1329,250,63,159,4,853
2019-02-08 15:45:14.061999,1506,250,68,158,4,1026
2019-02-08 15:45:19.108709,1361,250,68,158,4,881
2019-02-08 15:45:24.167290,1363,250,67,159,4,883
2019-02-08 15:45:29.224533,1331,250,68,158,3,852
2019-02-08 15:45:34.280893,1371,250,67,159,4,891
2019-02-08 15:45:39.337451,1528,250,68,159,4,1047
2019-02-08 15:45:44.420226,1722,250,68,158,4,1242
2019-02-08 15:45:49.475401,1703,250,67,158,4,1224
2019-02-08 15:45:54.534383,1655,250,67,159,4,1175
2019-02-08 15:45:59.591749,1576,251,68,159,4,1094
2019-02-08 15:46:04.657781,1682,252,69,158,4,1199
2019-02-08 15:46:09.716126,1679,251,68,159,4,1197
2019-02-08 15:46:14.772557,1651,251,67,159,4,1170
2019-02-08 15:46:19.828966,1665,251,68,158,4,1184
2019-02-08 15:46:24.886134,1602,250,68,162,4,1118
2019-02-08 15:46:29.944353,1628,250,68,160,4,1146
2019-02-08 15:46:35.000981,1616,250,68,158,4,1136
2019-02-08 15:46:40.059817,1541,250,68,158,3,1062
2019-02-08 15:46:45.117062,1558,250,68,159,4,1077
2019-02-08 15:46:50.174849,1551,250,67,158,4,1072
2019-02-08 15:46:55.232144,1569,251,68,161,4,1085
2019-02-08 15:47:00.289336,1532,250,68,159,3,1052
2019-02-08 15:47:05.337110,1513,250,68,158,4,1033
2019-02-08 15:47:10.394875,1511,250,68,158,4,1031
2019-02-08 15:47:15.453169,1509,251,68,159,3,1028
2019-02-08 15:47:20.509436,1488,250,68,158,4,1008
2019-02-08 15:47:25.567580,1507,250,68,161,4,1024
2019-02-08 15:47:30.695799,1468,250,68,159,4,987
2019-02-08 15:47:35.752972,1460,250,67,159,4,980
2019-02-08 15:47:40.809699,1473,250,67,164,4,988
2019-02-08 15:47:45.865786,1525,251,68,159,4,1043
2019-02-08 15:47:50.922591,1455,251,67,164,4,969
2019-02-08 15:47:55.981431,1480,251,68,164,4,993
2019-02-08 15:48:01.038861,1488,251,68,164,4,1001
2019-02-08 15:48:06.095071,1444,250,68,164,4,958
2019-02-08 15:48:11.153702,1481,252,68,164,4,993
2019-02-08 15:48:16.200659,1521,252,67,163,4,1035
2019-02-08 15:48:21.258154,1459,251,68,164,4,972
2019-02-08 15:48:26.315148,1437,251,68,163,4,951
2019-02-08 15:48:31.372825,1473,252,67,163,4,987
2019-02-08 15:48:36.430255,1456,250,68,164,4,970
2019-02-08 15:48:41.487677,1446,250,67,169,4,956
2019-02-08 15:48:46.545460,1466,250,68,165,4,979
2019-02-08 15:48:51.645838,1390,252,67,164,4,903
2019-02-08 15:48:56.703857,1405,251,68,164,4,918
2019-02-08 15:49:01.760203,1501,251,68,164,4,1014
2019-02-08 15:49:06.848907,1712,250,68,164,4,1226
2019-02-08 15:49:11.907128,1510,250,68,165,4,1023
2019-02-08 15:49:16.964560,1496,250,68,164,4,1010
2019-02-08 15:49:22.010894,1282,250,68,164,4,796
2019-02-08 15:49:27.069548,1375,250,68,164,4,889
2019-02-08 15:49:32.126258,1363,251,68,164,4,876
2019-02-08 15:49:37.184037,1577,250,68,164,4,1091
2019-02-08 15:49:42.241027,1547,250,68,164,4,1061
2019-02-08 15:49:47.288930,1454,251,68,164,4,967
2019-02-08 15:49:52.345378,1374,250,68,164,4,888
2019-02-08 15:49:57.403779,1306,250,68,164,4,820
2019-02-08 15:50:02.461027,1308,250,68,163,4,823
2019-02-08 15:50:07.518629,1437,252,68,164,4,949
2019-02-08 15:50:12.566444,1355,251,68,164,4,868
2019-02-08 15:50:17.656137,1446,251,68,164,4,959
2019-02-08 15:50:22.713148,1420,251,68,164,4,933
2019-02-08 15:50:27.769829,1465,251,68,166,4,976
2019-02-08 15:50:32.827178,1556,250,69,164,4,1069
2019-02-08 15:50:37.884498,1589,251,67,164,4,1103
2019-02-08 15:50:42.941923,1690,250,67,164,4,1205
2019-02-08 15:50:47.999346,1715,250,67,164,4,1230
2019-02-08 15:50:53.073289,1689,251,68,164,4,1202
2019-02-08 15:50:58.130728,1677,250,68,163,4,1192
2019-02-08 15:51:03.186825,1642,250,67,163,4,1158
2019-02-08 15:51:08.245225,1717,251,68,166,4,1228
2019-02-08 15:51:13.291892,1692,251,67,173,4,1197
2019-02-08 15:51:18.349757,1619,250,67,164,4,1134
2019-02-08 15:51:23.406562,1552,251,68,164,4,1065
2019-02-08 15:51:28.464786,1610,250,68,166,4,1122
2019-02-08 15:51:33.522130,1554,250,68,166,4,1066
2019-02-08 15:51:38.579609,1597,250,68,164,4,1111
2019-02-08 15:51:43.655820,1530,250,68,164,4,1044
2019-02-08 15:51:48.712877,1470,251,68,164,4,983
2019-02-08 15:51:53.769319,1429,252,68,164,3,942
2019-02-08 15:51:58.827281,1427,251,67,163,4,942
2019-02-08 15:52:03.884526,1370,251,68,164,4,883
2019-02-08 15:52:08.941332,1386,250,67,164,4,901
2019-02-08 15:52:13.999377,1359,250,68,164,4,873
2019-02-08 15:52:19.056618,1366,251,68,164,4,879
2019-02-08 15:52:24.112989,1353,251,68,164,3,867
2019-02-08 15:52:29.172187,1320,250,68,164,4,834
2019-02-08 15:52:34.228637,1360,251,67,164,4,874
2019-02-08 15:52:39.288271,1392,250,67,164,4,907
2019-02-08 15:52:44.345875,1429,251,67,164,4,943
2019-02-08 15:52:49.404101,1387,251,68,164,4,900
2019-02-08 15:52:54.460545,1355,252,68,163,4,868
2019-02-08 15:52:59.519406,1426,251,67,164,4,940
2019-02-08 15:53:04.576295,1470,251,68,163,4,984
2019-02-08 15:53:09.654501,1447,250,68,164,4,961
2019-02-08 15:53:14.712722,1556,250,68,164,4,1070
2019-02-08 15:53:19.770146,1572,251,68,162,4,1087
2019-02-08 15:53:24.826659,1566,250,68,165,4,1079
2019-02-08 15:53:29.884198,1473,251,68,164,4,986
2019-02-08 15:53:34.943400,1694,250,71,164,4,1205
2019-02-08 15:53:40.000814,1529,251,68,164,4,1042
2019-02-08 15:53:45.057992,1518,250,68,164,4,1032
2019-02-08 15:53:50.115676,1511,250,69,163,4,1025
2019-02-08 15:53:55.172479,1542,250,68,166,4,1054
2019-02-08 15:54:00.231677,1540,250,67,164,4,1055
2019-02-08 15:54:05.289279,1566,251,68,164,4,1079
2019-02-08 15:54:10.346446,1586,250,68,164,4,1100
2019-02-08 15:54:15.404666,1555,250,68,164,4,1069
2019-02-08 15:54:20.499498,1554,249,68,163,4,1070
2019-02-08 15:54:25.556740,1542,250,68,166,4,1054
2019-02-08 15:54:30.654686,1569,250,68,164,4,1083
2019-02-08 15:54:35.712108,1518,250,68,164,4,1032
2019-02-08 15:54:40.769719,1510,250,68,168,4,1020
2019-02-08 15:54:45.816561,1535,250,67,164,4,1050
2019-02-08 15:54:50.874884,1540,250,68,164,4,1054
2019-02-08 15:54:55.931591,1535,250,67,164,4,1050
2019-02-08 15:55:00.990173,1638,250,68,179,4,1137
2019-02-08 15:55:06.047056,1686,249,67,170,4,1196
2019-02-08 15:55:11.104482,1677,249,68,163,4,1193
2019-02-08 15:55:16.161287,1661,250,68,164,4,1175
2019-02-08 15:55:21.218229,1605,248,68,164,4,1121
2019-02-08 15:55:26.275157,1476,248,68,164,4,992
2019-02-08 15:55:31.334357,1543,249,68,164,4,1058
2019-02-08 15:55:36.390804,1516,249,68,163,4,1032
2019-02-08 15:55:41.447610,1493,250,68,167,4,1004
2019-02-08 15:55:46.505213,1455,250,67,164,4,970
2019-02-08 15:55:51.562816,1486,250,68,164,4,1000
2019-02-08 15:55:56.653915,1414,250,68,164,4,928
2019-02-08 15:56:01.713910,1429,250,68,164,4,943
2019-02-08 15:56:06.770360,1445,250,68,164,4,959
2019-02-08 15:56:11.826874,1442,250,68,164,4,956
2019-02-08 15:56:16.885388,1455,250,68,162,4,971
2019-02-08 15:56:21.943609,1448,250,68,163,4,963
2019-02-08 15:56:27.000158,1409,250,68,165,4,922
2019-02-08 15:56:32.058637,1420,250,68,164,4,934
2019-02-08 15:56:37.115882,1444,250,68,162,4,960
2019-02-08 15:56:42.173495,1412,250,68,164,4,926
2019-02-08 15:56:47.231707,1443,250,68,163,4,958
2019-02-08 15:56:52.287535,1429,250,69,164,4,942
2019-02-08 15:56:57.344961,1438,250,68,163,4,953
2019-02-08 15:57:02.401407,1413,250,68,163,4,928
2019-02-08 15:57:07.457852,1461,249,68,164,4,976
2019-02-08 15:57:12.515459,1466,249,68,164,4,981
2019-02-08 15:57:17.573858,1471,248,68,164,4,987
2019-02-08 15:57:22.653586,1567,248,68,163,4,1084
2019-02-08 15:57:27.710035,1515,248,68,164,4,1031
2019-02-08 15:57:32.769050,1510,249,68,164,4,1025
2019-02-08 15:57:37.825063,1539,249,68,165,4,1053
2019-02-08 15:57:42.882126,1576,249,67,163,4,1093
2019-02-08 15:57:47.948351,1539,248,68,162,4,1057
2019-02-08 15:57:53.004977,1516,248,68,156,4,1040
2019-02-08 15:57:58.052005,1457,249,68,158,4,978
2019-02-08 15:58:03.111563,1522,248,68,157,4,1045
2019-02-08 15:58:08.168808,1528,247,68,157,4,1052
2019-02-08 15:58:13.225694,1531,247,67,159,4,1054
2019-02-08 15:58:18.283296,1550,248,67,157,4,1074
2019-02-08 15:58:23.340899,1514,248,68,157,4,1037
2019-02-08 15:58:28.397167,1563,249,68,158,4,1084
2019-02-08 15:58:33.455567,1584,249,68,157,4,1106
2019-02-08 15:58:38.512738,1629,250,68,158,4,1149
2019-02-08 15:58:43.569801,1590,250,68,159,4,1109
2019-02-08 15:58:48.651979,1609,249,67,157,4,1132
2019-02-08 15:58:53.709086,1597,249,68,159,4,1117
2019-02-08 15:58:58.765551,1599,249,67,158,4,1121
2019-02-08 15:59:03.824384,1590,249,68,158,4,1111
2019-02-08 15:59:08.880819,1571,249,67,159,4,1092
2019-02-08 15:59:13.938261,1589,249,68,158,4,1110
2019-02-08 15:59:18.995049,1623,249,68,157,4,1145
2019-02-08 15:59:24.053090,1638,249,68,158,4,1159
2019-02-08 15:59:29.109100,1599,249,68,160,4,1118
2019-02-08 15:59:34.176304,1598,248,68,158,4,1120
2019-02-08 15:59:39.234342,1605,248,68,158,4,1127
2019-02-08 15:59:44.291327,1665,249,68,157,4,1187
2019-02-08 15:59:49.348393,1629,249,68,157,4,1151
2019-02-08 15:59:54.405995,1619,249,68,159,4,1139
2019-02-08 15:59:59.463420,1611,248,67,157,4,1135
2019-02-08 16:00:04.521823,1628,248,68,157,4,1151
2019-02-08 16:00:09.579070,1567,248,67,159,4,1089
2019-02-08 16:00:14.652051,1569,247,67,157,4,1094
2019-02-08 16:00:19.709200,1597,248,68,157,4,1120
2019-02-08 16:00:24.766620,1534,249,68,159,4,1054
2019-02-08 16:00:29.823427,1573,249,68,159,4,1093
2019-02-08 16:00:34.881467,1549,249,67,157,4,1072
2019-02-08 16:00:39.938891,1554,249,68,157,4,1076
2019-02-08 16:00:44.995515,1534,249,68,158,4,1055
2019-02-08 16:00:50.052943,1551,249,68,157,4,1073
2019-02-08 16:00:55.110548,1575,249,67,159,4,1096
2019-02-08 16:01:00.166916,1550,248,68,158,4,1072
2019-02-08 16:01:05.225321,1560,247,68,157,4,1084
2019-02-08 16:01:10.283615,1573,247,68,159,4,1095
2019-02-08 16:01:15.378809,1589,247,67,157,4,1114
2019-02-08 16:01:20.435458,1578,247,68,157,3,1103
2019-02-08 16:01:25.492417,1542,248,67,161,4,1062
2019-02-08 16:01:30.552232,1589,249,67,159,3,1111
2019-02-08 16:01:35.651692,1539,249,68,157,4,1061
2019-02-08 16:01:40.708143,1542,249,67,161,4,1061
2019-02-08 16:01:45.764870,1498,247,67,157,4,1023
2019-02-08 16:01:50.822990,1537,249,68,158,4,1058
2019-02-08 16:01:55.880057,1519,248,67,161,4,1039
2019-02-08 16:02:00.937220,1505,248,67,157,4,1029
2019-02-08 16:02:05.997039,1468,250,68,157,4,989
2019-02-08 16:02:11.053488,1479,249,68,157,4,1001
2019-02-08 16:02:16.111022,1518,250,68,157,4,1039
2019-02-08 16:02:21.168332,1512,249,67,157,4,1035
2019-02-08 16:02:26.224955,1504,249,68,157,4,1026
2019-02-08 16:02:31.281326,1490,250,68,157,4,1011
2019-02-08 16:02:36.338788,1527,250,68,157,4,1048
2019-02-08 16:02:41.383987,1537,250,68,162,4,1053
2019-02-08 16:02:46.441029,1530,250,68,156,4,1052
2019-02-08 16:02:51.497916,1486,250,68,157,4,1007
2019-02-08 16:02:56.649934,1485,250,68,158,4,1005
2019-02-08 16:03:01.706552,1456,250,68,158,4,976
2019-02-08 16:03:06.762459,1435,248,68,157,4,958
2019-02-08 16:03:11.819909,1411,248,68,158,4,933
2019-02-08 16:03:16.877380,1401,249,67,157,4,924
2019-02-08 16:03:21.935827,1394,248,68,157,4,917
2019-02-08 16:03:26.994035,1419,248,68,158,4,941
2019-02-08 16:03:32.051644,1369,248,68,157,4,892
2019-02-08 16:03:37.108734,1327,248,67,157,4,851
2019-02-08 16:03:42.165545,1336,248,68,159,4,857
2019-02-08 16:03:47.221963,1349,248,68,157,4,872
2019-02-08 16:03:52.278766,1382,250,68,157,4,903
2019-02-08 16:03:57.336010,1354,249,67,158,4,876
2019-02-08 16:04:02.392999,1341,250,68,157,4,862
2019-02-08 16:04:07.450678,1364,249,68,157,4,886
2019-02-08 16:04:12.508281,1351,249,68,158,4,872
2019-02-08 16:04:17.564909,1357,250,68,157,4,878
2019-02-08 16:04:22.635761,1338,250,67,157,4,860
2019-02-08 16:04:27.682692,1337,250,68,157,4,858
2019-02-08 16:04:32.740916,1347,249,67,157,4,870
2019-02-08 16:04:37.824113,1337,249,68,157,4,859
2019-02-08 16:04:42.880018,1341,249,68,157,4,863
2019-02-08 16:04:47.936207,1352,249,67,157,4,875
2019-02-08 16:04:52.993636,1358,249,68,156,4,881
2019-02-08 16:04:58.051495,1342,249,67,157,4,865
2019-02-08 16:05:03.098897,1372,249,68,156,4,895
2019-02-08 16:05:08.156321,1350,249,68,156,4,873
2019-02-08 16:05:13.214779,1360,249,67,158,4,882
2019-02-08 16:05:18.270800,1337,249,68,157,4,859
2019-02-08 16:05:23.327860,1352,250,68,157,4,873
2019-02-08 16:05:28.385822,1323,250,68,157,4,844
2019-02-08 16:05:33.442090,1319,250,68,158,4,839
2019-02-08 16:05:38.500134,1319,250,68,159,4,838
2019-02-08 16:05:43.557753,1308,250,68,158,4,828
2019-02-08 16:05:48.644670,1334,250,68,157,4,855
2019-02-08 16:05:53.702710,1303,250,68,157,4,824
2019-02-08 16:05:58.759956,1328,250,68,159,4,847
2019-02-08 16:06:03.816760,1285,250,68,156,4,807
2019-02-08 16:06:08.874364,1271,250,67,157,4,793
2019-02-08 16:06:13.931809,1236,249,68,157,4,758
2019-02-08 16:06:19.030452,1243,250,68,157,4,764
2019-02-08 16:06:24.087956,1227,249,68,157,4,749
2019-02-08 16:06:29.145736,1242,249,68,157,4,764
2019-02-08 16:06:34.202545,1217,250,68,157,4,738
2019-02-08 16:06:39.260405,1242,250,68,157,4,763
2019-02-08 16:06:44.318006,1206,249,69,157,4,727
2019-02-08 16:06:49.375254,1214,249,68,157,4,736
2019-02-08 16:06:54.432499,1241,249,68,157,4,763
2019-02-08 16:06:59.489842,1201,249,68,157,4,723
2019-02-08 16:07:04.537134,1242,249,68,157,4,764
2019-02-08 16:07:09.644054,1220,249,68,158,4,741
2019-02-08 16:07:14.703248,1269,250,67,159,4,789
2019-02-08 16:07:19.760494,1281,249,68,156,4,804
2019-02-08 16:07:24.817166,1248,249,68,161,4,766
2019-02-08 16:07:29.875083,1246,249,68,162,3,764
2019-02-08 16:07:34.933923,1239,249,67,157,4,762
2019-02-08 16:07:39.980954,1235,250,68,157,4,756
2019-02-08 16:07:45.038384,1251,250,68,170,4,759
2019-02-08 16:07:50.095450,1269,250,68,166,4,781
2019-02-08 16:07:55.153843,1268,249,68,170,4,777
2019-02-08 16:08:00.249219,1250,249,68,161,4,768
2019-02-08 16:08:05.305658,1281,249,68,157,4,803
2019-02-08 16:08:10.362287,1262,249,68,157,4,784
2019-02-08 16:08:15.421548,1246,249,68,159,4,766
2019-02-08 16:08:20.468156,1286,250,68,164,4,800
2019-02-08 16:08:25.515983,1256,248,68,168,4,768
2019-02-08 16:08:30.573331,1224,248,68,162,4,742
2019-02-08 16:08:35.643545,1227,249,68,157,4,749
2019-02-08 16:08:40.699988,1234,249,68,161,4,752
2019-02-08 16:08:45.756980,1254,248,68,157,4,777
2019-02-08 16:08:50.814869,1243,248,68,156,4,767
2019-02-08 16:08:55.860715,1217,248,67,156,3,743
2019-02-08 16:09:00.918137,1243,248,67,157,4,767
2019-02-08 16:09:05.975378,1224,248,68,157,4,747
2019-02-08 16:09:11.032723,1242,250,68,157,4,763
2019-02-08 16:09:16.092282,1277,249,68,157,4,799
2019-02-08 16:09:21.148188,1258,250,68,156,4,780
2019-02-08 16:09:26.206156,1284,249,68,157,4,806
2019-02-08 16:09:31.263398,1280,250,68,159,4,799
2019-02-08 16:09:36.320462,1245,249,67,157,4,768
2019-02-08 16:09:41.368744,1316,248,68,162,3,835
2019-02-08 16:09:46.427230,1246,248,68,157,4,769
2019-02-08 16:09:51.496644,1347,249,68,156,4,870
2019-02-08 16:09:56.553887,1319,249,68,156,4,842
2019-02-08 16:10:01.645091,1304,249,67,157,4,827
2019-02-08 16:10:06.702152,1310,250,69,156,4,831
2019-02-08 16:10:11.759220,1340,250,68,157,4,861
2019-02-08 16:10:16.816467,1359,248,68,156,4,883
2019-02-08 16:10:21.874862,1327,250,68,156,4,849
2019-02-08 16:10:26.933629,1318,248,68,157,4,841
2019-02-08 16:10:31.991668,1337,248,68,157,4,860
2019-02-08 16:10:37.047854,1315,248,68,156,4,839
2019-02-08 16:10:42.105717,1379,248,68,158,4,901
2019-02-08 16:10:47.162964,1355,248,68,157,3,879
2019-02-08 16:10:52.220922,1343,247,68,156,3,869
2019-02-08 16:10:57.277915,1410,247,68,157,4,934
2019-02-08 16:11:02.335416,1442,248,68,157,4,965
2019-02-08 16:11:07.392840,1429,248,68,155,4,954
2019-02-08 16:11:12.450804,1541,248,68,157,4,1064
2019-02-08 16:11:17.508046,1379,248,68,157,4,902
2019-02-08 16:11:22.565110,1401,248,68,157,4,924
2019-02-08 16:11:27.642450,1484,248,67,156,3,1010
2019-02-08 16:11:32.716325,1419,247,68,156,3,945
2019-02-08 16:11:37.772935,1398,248,68,155,4,923
2019-02-08 16:11:42.830003,1534,248,68,156,3,1059
2019-02-08 16:11:47.888581,1479,247,68,156,4,1004
2019-02-08 16:11:52.947161,1519,247,68,154,4,1046
2019-02-08 16:11:58.003723,1537,247,68,156,4,1062
2019-02-08 16:12:03.062629,1485,247,68,154,4,1012
2019-02-08 16:12:08.119438,1549,248,68,155,4,1074
2019-02-08 16:12:13.177397,1617,247,68,156,4,1142
2019-02-08 16:12:18.234104,1507,247,68,156,3,1033
2019-02-08 16:12:23.292323,1581,247,68,155,4,1107
2019-02-08 16:12:28.348789,1585,247,67,156,4,1111
2019-02-08 16:12:33.407172,1569,247,68,156,4,1094
2019-02-08 16:12:38.464773,1520,247,68,155,3,1047
2019-02-08 16:12:43.521579,1546,247,68,157,3,1071
2019-02-08 16:12:48.579450,1521,247,68,154,4,1048
2019-02-08 16:12:53.641938,1564,248,68,154,4,1090
2019-02-08 16:12:58.699359,1486,249,67,155,4,1011
2019-02-08 16:13:03.756770,1482,248,68,155,4,1007
2019-02-08 16:13:08.803020,1544,247,69,155,4,1069
2019-02-08 16:13:13.860622,1594,248,68,157,4,1117
2019-02-08 16:13:18.948489,1515,247,68,155,4,1041
2019-02-08 16:13:24.005057,1476,247,68,156,4,1001
2019-02-08 16:13:29.062114,1501,247,68,156,4,1026
2019-02-08 16:13:34.121601,1474,247,68,155,4,1000
2019-02-08 16:13:39.179103,1467,247,68,155,4,993
2019-02-08 16:13:44.235909,1494,247,68,156,4,1019
2019-02-08 16:13:49.295268,1440,247,68,155,4,966
2019-02-08 16:13:54.351375,1387,248,68,156,4,911
2019-02-08 16:13:59.408001,1390,248,67,155,4,916
2019-02-08 16:14:04.466223,1419,248,68,155,4,944
2019-02-08 16:14:09.523649,1432,248,68,155,4,957
2019-02-08 16:14:14.629769,1446,248,68,156,4,970
2019-02-08 16:14:19.687551,1379,248,68,156,4,903
2019-02-08 16:14:24.743819,1441,248,68,159,4,962
2019-02-08 16:14:29.801062,1409,248,68,157,4,932
2019-02-08 16:14:34.857689,1424,248,68,156,4,948
2019-02-08 16:14:39.916271,1422,248,68,157,4,945
2019-02-08 16:14:44.973694,1421,249,68,156,4,944
2019-02-08 16:14:50.032455,1421,249,68,156,4,944
2019-02-08 16:14:55.090060,1411,249,68,158,4,932
2019-02-08 16:15:00.162228,1336,248,68,157,4,859
2019-02-08 16:15:05.221438,1398,248,68,155,4,923
2019-02-08 16:15:10.279030,1394,248,68,155,4,919
2019-02-08 16:15:15.336813,1393,248,68,157,4,916
2019-02-08 16:15:20.394058,1432,249,68,156,4,955
2019-02-08 16:15:25.452284,1407,248,68,159,4,928
2019-02-08 16:15:30.508289,1375,248,68,157,3,899
2019-02-08 16:15:35.566510,1376,248,68,154,4,902
2019-02-08 16:15:40.631397,1386,248,68,160,4,906
2019-02-08 16:15:45.688636,1432,248,68,156,4,956
2019-02-08 16:15:50.746785,1434,248,68,155,4,959
2019-02-08 16:15:55.804205,1392,249,68,156,4,915
2019-02-08 16:16:00.861095,1409,249,68,156,4,932
2019-02-08 16:16:05.918514,1393,248,68,156,4,917
2019-02-08 16:16:10.975939,1385,249,67,155,4,910
2019-02-08 16:16:16.033722,1374,249,68,157,4,896
2019-02-08 16:16:21.093102,1396,249,68,155,4,920
2019-02-08 16:16:26.150166,1383,250,67,155,4,907
2019-02-08 16:16:31.206638,1392,249,67,156,4,916
2019-02-08 16:16:36.265373,1434,249,67,155,4,959
2019-02-08 16:16:41.322617,1394,249,68,161,4,912
2019-02-08 16:16:46.380839,1417,248,68,156,3,942
2019-02-08 16:16:51.429651,1423,249,68,155,4,947
2019-02-08 16:16:56.486121,1456,249,68,156,4,979
2019-02-08 16:17:01.541926,1470,248,68,155,4,995
2019-02-08 16:17:06.641637,1492,249,68,156,4,1015
2019-02-08 16:17:11.698268,1460,249,68,157,4,982
2019-02-08 16:17:16.756600,1480,248,67,155,4,1006
2019-02-08 16:17:21.814133,1447,248,68,156,4,971
2019-02-08 16:17:26.871081,1468,249,68,155,4,992
2019-02-08 16:17:31.927883,1449,249,68,159,4,969
2019-02-08 16:17:36.984408,1428,249,68,156,4,951
2019-02-08 16:17:42.041099,1469,249,70,157,4,989
2019-02-08 16:17:47.099447,1506,248,68,155,4,1031
2019-02-08 16:17:52.156680,1429,250,68,160,4,947
2019-02-08 16:17:57.214466,1497,248,67,177,4,1001
2019-02-08 16:18:02.271708,1457,249,67,177,4,960
2019-02-08 16:18:07.329495,1478,248,68,179,4,979
2019-02-08 16:18:12.386555,1543,247,68,178,4,1046
2019-02-08 16:18:17.443456,1562,248,67,179,4,1064
2019-02-08 16:18:22.500607,1531,248,68,160,4,1051
2019-02-08 16:18:27.647612,1442,248,68,157,4,965
2019-02-08 16:18:32.705828,1516,249,68,157,4,1038
2019-02-08 16:18:37.764408,1552,247,68,155,4,1078
2019-02-08 16:18:42.820496,1478,248,68,157,4,1001
2019-02-08 16:18:47.878104,1511,247,67,157,4,1036
2019-02-08 16:18:52.937498,1458,248,68,157,4,981
2019-02-08 16:18:57.983892,1458,247,68,157,4,982
2019-02-08 16:19:03.040778,1534,248,68,156,4,1058
2019-02-08 16:19:08.099182,1460,248,68,156,4,984
2019-02-08 16:19:13.156426,1466,249,68,157,4,988
2019-02-08 16:19:18.214641,1459,248,68,157,4,982
2019-02-08 16:19:23.272068,1497,250,68,157,4,1018
2019-02-08 16:19:28.329055,1512,248,67,157,4,1036
2019-02-08 16:19:33.376266,1360,90,68,155,4,1043
2019-02-08 16:19:38.423065,1384,160,68,156,4,996
2019-02-08 16:19:43.479738,1391,161,68,156,4,1002
2019-02-08 16:19:48.536060,1370,160,68,157,4,981
2019-02-08 16:19:53.636876,1421,160,67,172,4,1018
2019-02-08 16:19:58.693945,1417,160,68,176,4,1009
2019-02-08 16:20:03.741381,1425,160,67,177,4,1017
2019-02-08 16:20:08.818325,1354,159,68,177,4,946
2019-02-08 16:20:13.875743,1364,159,68,177,4,956
2019-02-08 16:20:18.933119,1453,159,68,176,4,1046
2019-02-08 16:20:23.991492,1391,159,68,156,4,1004
2019-02-08 16:20:29.048100,1373,159,67,156,4,987
2019-02-08 16:20:34.106141,1370,159,68,156,4,983
2019-02-08 16:20:39.152815,1369,159,68,156,4,982
2019-02-08 16:20:44.211320,1372,159,68,157,4,984
2019-02-08 16:20:49.267665,1323,159,67,156,4,937
2019-02-08 16:20:54.324650,1368,158,68,156,4,982
2019-02-08 16:20:59.382253,1370,159,67,156,4,984
2019-02-08 16:21:04.440470,1390,159,68,157,4,1002
2019-02-08 16:21:09.498512,1352,159,68,155,4,966
2019-02-08 16:21:14.556912,1335,159,68,157,4,947
2019-02-08 16:21:19.633890,1376,159,68,155,4,990
2019-02-08 16:21:24.681544,1356,159,67,159,4,967
2019-02-08 16:21:29.738789,1337,158,68,156,4,951
2019-02-08 16:21:34.796395,1363,158,68,155,4,978
2019-02-08 16:21:39.853554,1377,158,68,156,4,991
2019-02-08 16:21:44.912033,1363,157,68,156,4,978
2019-02-08 16:21:49.969020,1295,158,68,157,4,908
2019-02-08 16:21:55.046433,1387,157,68,178,4,980
2019-02-08 16:22:00.104394,1394,158,68,176,4,988
2019-02-08 16:22:05.161282,1321,158,68,178,4,913
2019-02-08 16:22:10.209106,1375,158,68,176,4,969
2019-02-08 16:22:15.265919,1356,158,68,178,4,948
2019-02-08 16:22:20.322108,1367,157,68,176,4,962
2019-02-08 16:22:25.378809,1368,157,68,159,4,980
2019-02-08 16:22:30.435873,1321,157,68,156,4,936
2019-02-08 16:22:35.492602,1341,157,68,156,4,956
2019-02-08 16:22:40.550283,1320,157,68,155,4,936
2019-02-08 16:22:45.634904,1386,157,67,156,4,1002
2019-02-08 16:22:50.690991,1393,157,68,155,4,1009
2019-02-08 16:22:55.748231,1392,157,68,155,4,1008
2019-02-08 16:23:00.806372,1413,157,68,155,4,1029
2019-02-08 16:23:05.863262,1387,157,67,156,4,1003
2019-02-08 16:23:10.920503,1424,157,68,156,4,1039
2019-02-08 16:23:15.978107,1377,157,68,156,4,992
2019-02-08 16:23:21.035710,1425,157,68,155,4,1041
2019-02-08 16:23:26.093752,1375,157,68,156,4,990
2019-02-08 16:23:31.141143,1441,157,68,155,3,1058
2019-02-08 16:23:36.198568,1429,157,68,156,4,1044
2019-02-08 16:23:41.276343,1455,157,68,161,4,1065
2019-02-08 16:23:46.333405,1446,157,67,157,4,1061
2019-02-08 16:23:51.390656,1503,157,68,159,4,1115
2019-02-08 16:23:56.448611,1537,157,67,176,4,1133
2019-02-08 16:24:01.506474,1561,156,68,176,4,1157
2019-02-08 16:24:06.563893,1551,157,68,176,4,1146
2019-02-08 16:24:11.634388,1566,156,68,177,4,1161
2019-02-08 16:24:16.692431,1548,157,68,178,4,1141
2019-02-08 16:24:21.749861,1568,156,68,164,4,1176
2019-02-08 16:24:26.807459,1526,157,68,157,4,1140
2019-02-08 16:24:31.864708,1562,157,68,157,4,1176
2019-02-08 16:24:36.923282,1548,157,68,156,4,1163
2019-02-08 16:24:41.980529,1444,157,68,157,4,1058
2019-02-08 16:24:47.038138,1453,157,68,157,4,1067
2019-02-08 16:24:52.093947,1481,157,68,156,4,1096
2019-02-08 16:24:57.151589,1474,157,68,157,4,1088
2019-02-08 16:25:02.209592,1455,157,68,157,4,1069
2019-02-08 16:25:07.266851,1494,157,68,156,4,1109
2019-02-08 16:25:12.313525,1415,157,68,157,4,1029
2019-02-08 16:25:17.370155,1528,157,68,158,4,1141
2019-02-08 16:25:22.428550,1474,157,67,156,4,1090
2019-02-08 16:25:27.501717,1502,157,68,157,4,1116
2019-02-08 16:25:32.559039,1492,157,67,157,4,1107
2019-02-08 16:25:37.632828,1451,157,68,156,4,1066
2019-02-08 16:25:42.691145,1389,157,67,157,4,1004
2019-02-08 16:25:47.748114,1437,156,68,157,4,1052
2019-02-08 16:25:52.805893,1414,157,68,159,4,1026
2019-02-08 16:25:57.863242,1381,157,67,178,4,975
2019-02-08 16:26:02.923163,1356,157,68,177,4,950
2019-02-08 16:26:07.979403,1413,156,67,177,4,1009
2019-02-08 16:26:13.037234,1433,156,68,183,4,1022
2019-02-08 16:26:18.094609,1378,156,68,178,4,972
2019-02-08 16:26:23.151675,1399,157,68,156,4,1014
2019-02-08 16:26:28.209294,1411,157,68,157,4,1025
2019-02-08 16:26:33.267682,1348,156,68,160,4,960
2019-02-08 16:26:38.324128,1362,156,68,156,4,978
2019-02-08 16:26:43.371775,1368,156,68,157,4,983
2019-02-08 16:26:48.428762,1362,156,68,157,4,977
2019-02-08 16:26:53.486006,1316,156,68,157,4,931
2019-02-08 16:26:58.544407,1324,156,68,157,4,939
2019-02-08 16:27:03.632571,1318,156,68,157,4,933
2019-02-08 16:27:08.718348,1301,157,68,157,4,915
2019-02-08 16:27:13.773821,1261,156,68,156,4,877
2019-02-08 16:27:18.832397,1386,155,68,156,4,1003
2019-02-08 16:27:23.888587,1367,156,67,157,4,983
2019-02-08 16:27:28.946630,1326,155,68,156,4,943
2019-02-08 16:27:33.993739,1403,155,67,156,4,1021
2019-02-08 16:27:39.052315,1363,155,68,156,4,980
2019-02-08 16:27:44.109921,1340,156,68,157,3,956
2019-02-08 16:27:49.168324,1406,155,68,157,4,1022
2019-02-08 16:27:54.225925,1365,156,67,156,4,982
2019-02-08 16:27:59.282016,1397,156,68,156,4,1013
2019-02-08 16:28:04.339545,1362,156,68,156,4,978
2019-02-08 16:28:09.397044,1411,155,68,156,4,1028
2019-02-08 16:28:14.455264,1415,155,67,157,4,1032
2019-02-08 16:28:19.512071,1425,155,67,157,4,1042
2019-02-08 16:28:24.620405,1395,155,68,159,4,1009
2019-02-08 16:28:29.678187,1440,155,68,156,4,1057
2019-02-08 16:28:34.735438,1449,156,68,157,4,1064
2019-02-08 16:28:39.792060,1432,155,68,157,4,1048
2019-02-08 16:28:44.850461,1397,155,68,157,4,1013
2019-02-08 16:28:49.934898,1467,155,68,156,4,1084
2019-02-08 16:28:54.990909,1419,156,68,158,4,1033
2019-02-08 16:29:00.048154,1416,155,67,156,4,1034
2019-02-08 16:29:05.107356,1430,155,68,154,4,1049
2019-02-08 16:29:10.163360,1444,156,68,156,4,1060
2019-02-08 16:29:15.221584,1457,156,68,156,4,1073
2019-02-08 16:29:20.279005,1442,155,67,156,4,1060
2019-02-08 16:29:25.337054,1419,155,68,159,4,1033
2019-02-08 16:29:30.393854,1416,154,68,156,4,1034
2019-02-08 16:29:35.452696,1416,155,68,155,4,1034
2019-02-08 16:29:40.509316,1380,155,68,156,4,997
2019-02-08 16:29:45.567282,1452,155,68,156,4,1069
2019-02-08 16:29:50.631809,1448,155,68,155,4,1066
2019-02-08 16:29:55.687820,1493,155,68,155,4,1111
2019-02-08 16:30:00.746040,1425,156,68,156,4,1041
2019-02-08 16:30:05.803644,1439,155,67,156,4,1057
2019-02-08 16:30:10.861683,1450,155,68,156,4,1067
2019-02-08 16:30:15.919143,1392,155,68,156,4,1009
2019-02-08 16:30:20.976454,1356,155,68,155,4,974
2019-02-08 16:30:26.032363,1372,155,68,156,4,989
2019-02-08 16:30:31.091739,1386,155,68,156,4,1003
2019-02-08 16:30:36.162670,1394,155,68,155,4,1012
2019-02-08 16:30:41.210321,1422,156,68,160,4,1034
2019-02-08 16:30:46.268899,1436,156,67,156,4,1053
2019-02-08 16:30:51.325347,1425,155,68,155,4,1043
2019-02-08 16:30:56.382411,1461,155,68,156,4,1078
2019-02-08 16:31:01.439220,1432,156,68,155,4,1049
2019-02-08 16:31:06.496280,1436,155,68,154,4,1055
2019-02-08 16:31:11.553268,1397,156,68,156,4,1013
2019-02-08 16:31:16.631656,1470,157,68,155,4,1086
2019-02-08 16:31:21.688644,1377,156,68,154,4,995
2019-02-08 16:31:26.746507,1372,155,68,156,4,989
2019-02-08 16:31:31.803314,1423,155,68,155,4,1041
2019-02-08 16:31:36.860917,1470,155,68,155,4,1088
2019-02-08 16:31:41.921093,1437,155,68,156,4,1054
2019-02-08 16:31:46.977899,1433,155,68,155,4,1051
2019-02-08 16:31:52.035506,1421,156,67,155,4,1039
2019-02-08 16:31:57.093635,1393,156,67,156,4,1010
2019-02-08 16:32:02.150623,1366,156,68,156,4,982
2019-02-08 16:32:07.209010,1397,155,68,155,4,1015
2019-02-08 16:32:12.264841,1441,155,68,156,4,1058
2019-02-08 16:32:17.322717,1361,156,68,155,4,978
2019-02-08 16:32:22.394175,1413,155,68,156,4,1030
2019-02-08 16:32:27.451602,1431,156,67,157,4,1047
2019-02-08 16:32:32.510974,1445,155,68,156,3,1063
2019-02-08 16:32:37.568450,1460,156,68,156,4,1076
2019-02-08 16:32:42.631327,1379,156,68,155,4,996
2019-02-08 16:32:47.689832,1445,155,68,156,4,1062
2019-02-08 16:32:52.745772,1445,155,68,154,4,1064
2019-02-08 16:32:57.802809,1455,155,67,157,4,1072
2019-02-08 16:33:02.861025,1472,156,68,157,4,1087
2019-02-08 16:33:07.919965,1363,156,68,154,4,981
2019-02-08 16:33:12.977031,1447,155,67,156,4,1065
2019-02-08 16:33:18.034457,1389,155,68,157,4,1005
2019-02-08 16:33:23.092417,1381,156,68,156,4,997
2019-02-08 16:33:28.148505,1442,156,68,157,4,1057
2019-02-08 16:33:33.205751,1392,156,68,157,3,1008
2019-02-08 16:33:38.263177,1395,156,68,156,5,1010
2019-02-08 16:33:43.320341,1364,156,68,157,4,979
2019-02-08 16:33:48.378207,1408,155,68,156,4,1025
2019-02-08 16:33:53.436425,1343,155,67,155,4,962
2019-02-08 16:33:58.493407,1385,155,68,156,4,1002
2019-02-08 16:34:03.550660,1382,155,68,157,4,998
2019-02-08 16:34:08.668351,1356,155,67,157,4,973
2019-02-08 16:34:13.726473,1386,155,67,157,4,1003
2019-02-08 16:34:18.783360,1309,155,67,159,4,924
2019-02-08 16:34:23.841398,1389,155,68,157,4,1005
2019-02-08 16:34:28.899620,1342,155,68,157,4,958
2019-02-08 16:34:33.957581,1337,155,67,161,4,950
2019-02-08 16:34:39.013489,1374,155,69,157,4,989
2019-02-08 16:34:44.070915,1383,155,68,157,4,999
2019-02-08 16:34:49.128527,1349,155,68,157,4,965
2019-02-08 16:34:54.185119,1318,155,68,156,4,935
2019-02-08 16:34:59.244190,1389,155,68,156,4,1006
2019-02-08 16:35:04.301767,1348,155,68,157,4,964
2019-02-08 16:35:09.358573,1331,154,68,156,4,949
2019-02-08 16:35:14.417155,1358,155,68,155,4,976
2019-02-08 16:35:19.475017,1358,155,68,157,4,974
2019-02-08 16:35:24.532624,1364,155,68,156,4,981
2019-02-08 16:35:29.630307,1366,155,68,158,4,981
2019-02-08 16:35:34.688166,1333,155,68,158,4,948
2019-02-08 16:35:39.746133,1345,155,68,158,4,960
2019-02-08 16:35:44.823727,1347,154,68,158,4,963
2019-02-08 16:35:49.881765,1338,154,68,157,4,955
2019-02-08 16:35:54.940088,1321,154,68,161,4,934
2019-02-08 16:35:59.996716,1324,155,67,159,4,939
2019-02-08 16:36:05.055018,1355,155,68,158,4,970
2019-02-08 16:36:10.112621,1348,155,68,157,4,964
2019-02-08 16:36:15.169607,1311,155,68,159,4,925
2019-02-08 16:36:20.227469,1321,156,68,157,4,936
2019-02-08 16:36:25.284067,1291,155,68,160,4,904
2019-02-08 16:36:30.341079,1332,155,68,157,4,948
2019-02-08 16:36:35.397348,1344,155,68,158,4,959
2019-02-08 16:36:40.455315,1320,155,68,157,4,936
2019-02-08 16:36:45.500503,1308,154,68,157,4,925
2019-02-08 16:36:50.546545,1280,156,68,157,4,895
2019-02-08 16:36:55.625552,1310,155,68,157,4,926
2019-02-08 16:37:00.672399,1358,154,68,157,4,975
2019-02-08 16:37:05.729920,1295,156,68,158,4,909
2019-02-08 16:37:10.788944,1332,156,68,157,4,947
2019-02-08 16:37:15.846256,1312,156,68,157,4,927
2019-02-08 16:37:20.903622,1317,155,68,156,4,934
2019-02-08 16:37:25.960578,1306,154,67,156,4,925
2019-02-08 16:37:31.051824,1287,154,68,157,4,904
2019-02-08 16:37:36.110263,1323,155,68,157,4,939
2019-02-08 16:37:41.165514,1351,155,68,162,4,962
2019-02-08 16:37:46.225687,1307,155,68,157,4,923
2019-02-08 16:37:51.283114,1344,155,68,157,4,960
2019-02-08 16:37:56.341076,1317,156,68,157,4,932
2019-02-08 16:38:01.398604,1323,155,68,156,4,940
2019-02-08 16:38:06.455929,1327,156,68,156,4,943
2019-02-08 16:38:11.513788,1328,156,68,156,4,944
2019-02-08 16:38:16.612450,1308,156,68,156,4,924
2019-02-08 16:38:21.670489,1300,156,67,155,4,918
2019-02-08 16:38:26.727658,1328,156,68,157,4,943
2019-02-08 16:38:31.785343,1291,155,68,156,3,909
2019-02-08 16:38:36.843123,1318,155,68,155,4,936
2019-02-08 16:38:41.901179,1342,154,70,157,4,957
2019-02-08 16:38:46.957632,1325,155,68,156,4,942
2019-02-08 16:38:52.005003,1289,155,68,156,4,906
2019-02-08 16:38:57.062065,1324,155,68,157,4,940
2019-02-08 16:39:02.120348,1330,154,68,155,4,949
2019-02-08 16:39:07.177715,1319,155,68,156,4,936
2019-02-08 16:39:12.268018,1299,155,68,156,4,916
2019-02-08 16:39:17.324641,1279,155,68,156,4,896
2019-02-08 16:39:22.381270,1287,156,68,156,4,903
2019-02-08 16:39:27.439489,1314,155,68,157,4,930
2019-02-08 16:39:32.495139,1300,155,68,156,4,917
2019-02-08 16:39:37.552304,1329,155,68,155,4,947
2019-02-08 16:39:42.623495,1308,155,68,156,4,925
2019-02-08 16:39:47.679935,1289,155,67,155,4,908
2019-02-08 16:39:52.737542,1287,155,68,155,4,905
2019-02-08 16:39:57.794787,1306,155,68,156,4,923
2019-02-08 16:40:02.852212,1269,155,68,156,4,886
2019-02-08 16:40:07.899241,1328,155,68,154,4,947
2019-02-08 16:40:12.957282,1321,155,68,156,4,938
2019-02-08 16:40:18.014710,1277,155,68,156,4,894
2019-02-08 16:40:23.071692,1321,155,68,155,4,939
2019-02-08 16:40:28.129770,1308,155,68,156,4,925
2019-02-08 16:40:33.186363,1310,155,68,157,4,926
2019-02-08 16:40:38.245920,1314,154,68,155,4,933
2019-02-08 16:40:43.302368,1317,154,68,156,4,935
2019-02-08 16:40:48.359432,1278,154,68,156,4,896
2019-02-08 16:40:53.416856,1272,154,68,155,4,891
2019-02-08 16:40:58.498722,1287,154,68,156,4,905